year,species,abundance,trap_nights,abund_per_trapnight
1995,CHPE,1,432,0.0023148148148148147
1995,DIME,86,432,0.19907407407407407
1995,DIOR,17,432,0.03935185185185185
1995,NEAL,25,432,0.05787037037037037
1995,NEMI,5,432,0.011574074074074073
1995,ONAR,19,432,0.04398148148148148
1995,ONLE,9,432,0.020833333333333332
1995,PELE,9,432,0.020833333333333332
1995,PGFL,2,432,0.004629629629629629
1995,REME,20,432,0.046296296296296294
1995,SIHI,4,432,0.009259259259259259
1995,SPSP,14,432,0.032407407407407406
1996,CHPE,9,432,0.020833333333333332
1996,DIME,143,432,0.33101851851851855
1996,DIOR,182,432,0.4212962962962963
1996,DISP,14,432,0.032407407407407406
1996,NEAL,54,432,0.125
1996,NEMI,12,432,0.027777777777777776
1996,ONAR,40,432,0.09259259259259259
1996,ONLE,12,432,0.027777777777777776
1996,PELE,16,432,0.037037037037037035
1996,PGFL,22,432,0.05092592592592592
1996,REME,3,432,0.006944444444444444
1996,SPSP,43,432,0.09953703703703703
1997,CHPE,17,432,0.03935185185185185
1997,DIME,308,432,0.7129629629629629
1997,DIOR,313,432,0.7245370370370371
1997,DISP,42,432,0.09722222222222222
1997,NEAL,64,432,0.14814814814814814
1997,NEMI,24,432,0.05555555555555555
1997,ONAR,43,432,0.09953703703703703
1997,ONLE,31,432,0.07175925925925926
1997,PELE,37,432,0.08564814814814815
1997,PGFL,54,432,0.125
1997,REME,12,432,0.027777777777777776
1997,SIHI,17,432,0.03935185185185185
1997,SPSP,47,432,0.1087962962962963
1998,CHPE,11,432,0.02546296296296296
1998,DIME,192,432,0.4444444444444444
1998,DIOR,317,432,0.7337962962962963
1998,DISP,37,432,0.08564814814814815
1998,NEAL,43,432,0.09953703703703703
1998,NEMI,19,432,0.04398148148148148
1998,ONAR,17,432,0.03935185185185185
1998,ONLE,32,432,0.07407407407407407
1998,PELE,9,432,0.020833333333333332
1998,PGFL,3,432,0.006944444444444444
1998,REME,4,432,0.009259259259259259
1998,SIHI,7,432,0.016203703703703703
1998,SPSP,83,432,0.19212962962962962
1999,CHPE,5,432,0.011574074074074073
1999,DIME,159,432,0.3680555555555556
1999,DIOR,141,432,0.3263888888888889
1999,DISP,26,432,0.06018518518518518
1999,NEAL,54,432,0.125
1999,NEMI,6,432,0.013888888888888888
1999,ONAR,17,432,0.03935185185185185
1999,ONLE,13,432,0.03009259259259259
1999,PELE,2,432,0.004629629629629629
1999,REME,2,432,0.004629629629629629
1999,SIHI,2,432,0.004629629629629629
1999,SPSP,54,432,0.125
2000,CHPE,14,432,0.032407407407407406
2000,DIME,230,432,0.5324074074074074
2000,DIOR,166,432,0.38425925925925924
2000,DISP,25,432,0.05787037037037037
2000,NEAL,54,432,0.125
2000,NEMI,19,432,0.04398148148148148
2000,ONAR,24,432,0.05555555555555555
2000,ONLE,30,432,0.06944444444444445
2000,PELE,1,432,0.0023148148148148147
2000,PGFL,5,432,0.011574074074074073
2000,REME,3,432,0.006944444444444444
2000,SIHI,21,432,0.04861111111111111
2000,SPSP,50,432,0.11574074074074074
2001,CHPE,6,432,0.013888888888888888
2001,DIME,113,432,0.26157407407407407
2001,DIOR,238,432,0.5509259259259259
2001,DISP,18,432,0.041666666666666664
2001,NEAL,45,432,0.10416666666666667
2001,NEMI,7,432,0.016203703703703703
2001,ONAR,14,432,0.032407407407407406
2001,ONLE,16,432,0.037037037037037035
2001,PGFL,9,432,0.020833333333333332
2001,SIHI,2,432,0.004629629629629629
2001,SPSP,38,432,0.08796296296296297
2002,CHPE,17,432,0.03935185185185185
2002,DIME,79,432,0.18287037037037038
2002,DIOR,240,432,0.5555555555555556
2002,DISP,14,432,0.032407407407407406
2002,NEAL,8,432,0.018518518518518517
2002,NEMI,1,432,0.0023148148148148147
2002,ONAR,8,432,0.018518518518518517
2002,ONLE,9,432,0.020833333333333332
2002,PGFL,9,432,0.020833333333333332
2002,SPSP,26,432,0.06018518518518518
2003,CHPE,41,432,0.09490740740740741
2003,DIME,158,432,0.36574074074074076
2003,DIOR,150,432,0.3472222222222222
2003,DISP,20,432,0.046296296296296294
2003,ONAR,4,432,0.009259259259259259
2003,ONLE,11,432,0.02546296296296296
2003,PELE,6,432,0.013888888888888888
2003,PGFL,13,432,0.03009259259259259
2003,SIHI,1,432,0.0023148148148148147
2003,SPSP,7,432,0.016203703703703703
2004,CHPE,89,432,0.20601851851851852
2004,DIME,119,432,0.27546296296296297
2004,DIOR,76,432,0.17592592592592593
2004,DISP,23,432,0.05324074074074074
2004,NEAL,3,432,0.006944444444444444
2004,ONAR,11,432,0.02546296296296296
2004,ONLE,10,432,0.023148148148148147
2004,PEER,1,432,0.0023148148148148147
2004,PELE,1,432,0.0023148148148148147
2004,PGFL,12,432,0.027777777777777776
2004,SPSP,26,432,0.06018518518518518
2005,CHPE,114,432,0.2638888888888889
2005,DIME,101,432,0.2337962962962963
2005,DIOR,93,432,0.2152777777777778
2005,DISP,13,432,0.03009259259259259
2005,NEAL,5,432,0.011574074074074073
2005,NEMI,2,432,0.004629629629629629
2005,ONAR,8,432,0.018518518518518517
2005,ONLE,13,432,0.03009259259259259
2005,PEBO,1,432,0.0023148148148148147
2005,PELE,16,432,0.037037037037037035
2005,PERO1,1,432,0.0023148148148148147
2005,PGFL,38,432,0.08796296296296297
2005,SIHI,22,432,0.05092592592592592
2005,SPSP,25,432,0.05787037037037037
2006,CHPE,24,432,0.05555555555555555
2006,DIME,111,432,0.2569444444444444
2006,DIOR,10,432,0.023148148148148147
2006,DISP,5,432,0.011574074074074073
2006,MUMU,9,432,0.020833333333333332
2006,NEAL,3,432,0.006944444444444444
2006,NEMI,1,432,0.0023148148148148147
2006,ONAR,9,432,0.020833333333333332
2006,ONLE,1,432,0.0023148148148148147
2006,PEER,5,432,0.011574074074074073
2006,PELE,5,432,0.011574074074074073
2006,PEMA,5,432,0.011574074074074073
2006,PGFL,3,432,0.006944444444444444
2006,SIHI,22,432,0.05092592592592592
2006,SPSP,10,432,0.023148148148148147
2007,CHPE,58,432,0.13425925925925927
2007,DIME,90,432,0.20833333333333334
2007,DIOR,68,432,0.1574074074074074
2007,DIPO1,1,432,0.0023148148148148147
2007,DISP,20,432,0.046296296296296294
2007,NEAL,13,432,0.03009259259259259
2007,NEMI,30,432,0.06944444444444445
2007,ONAR,32,432,0.07407407407407407
2007,ONLE,16,432,0.037037037037037035
2007,PELE,63,432,0.14583333333333334
2007,PGFL,78,432,0.18055555555555555
2007,SIHI,95,432,0.2199074074074074
2007,SPSP,5,432,0.011574074074074073
2007,NA,1,432,0.0023148148148148147
