rodent_survey_id,site_id,start_date,end_date,quadrat,weather,notes,num_traps
1,1,1991-07-09,1991-07-10,1,NA,NA,49
2,1,1991-07-09,1991-07-10,2,NA,NA,49
3,10,1991-07-19,1991-07-20,1,NA,NA,49
4,10,1991-07-19,1991-07-20,2,NA,NA,49
5,6,1991-07-02,1991-07-03,1,NA,NA,49
6,6,1991-07-02,1991-07-03,2,NA,NA,49
7,14,1991-07-11,1991-07-12,1,NA,NA,49
8,14,1991-07-11,1991-07-12,2,NA,NA,49
9,16,1991-07-16,1991-07-17,1,NA,NA,49
10,16,1991-07-16,1991-07-17,2,NA,NA,49
11,13,1991-07-25,1991-07-26,1,NA,NA,49
12,13,1991-07-25,1991-07-26,2,NA,NA,49
13,4,1991-07-23,1991-07-24,1,NA,NA,49
14,4,1991-07-23,1991-07-24,2,NA,NA,49
15,1,1992-07-14,1992-07-15,1,NA,NA,49
16,1,1992-07-14,1992-07-15,2,NA,NA,49
17,10,1992-06-30,1992-07-01,1,NA,NA,49
18,10,1992-06-30,1992-07-01,2,NA,NA,49
19,6,1992-06-23,1992-06-24,1,NA,NA,49
20,6,1992-06-23,1992-06-24,2,NA,NA,49
21,14,1992-06-25,1992-06-26,1,NA,NA,49
22,14,1992-06-25,1992-06-26,2,NA,NA,49
23,16,1992-07-02,1992-07-03,1,NA,NA,49
24,16,1992-07-02,1992-07-03,2,NA,NA,49
25,13,1992-07-09,1992-07-10,1,NA,NA,49
26,13,1992-07-09,1992-07-10,2,NA,NA,49
27,4,1992-07-07,1992-07-08,1,NA,NA,49
28,4,1992-07-07,1992-07-08,2,NA,NA,49
29,1,1993-07-08,1993-07-09,1,NA,NA,49
30,1,1993-07-08,1993-07-09,2,NA,NA,49
31,10,1993-07-13,1993-07-14,1,NA,NA,49
32,10,1993-07-13,1993-07-14,2,NA,NA,49
33,15,1993-07-06,1993-07-07,1,NA,NA,49
34,15,1993-07-06,1993-07-07,2,NA,NA,49
35,15,1993-07-06,1993-07-07,3,NA,NA,98
36,8,1993-07-20,1993-07-21,1,NA,NA,49
37,6,1993-06-29,1993-06-30,1,NA,NA,49
38,6,1993-06-29,1993-06-30,2,NA,NA,49
39,14,1993-07-01,1993-07-02,1,NA,NA,49
40,14,1993-07-01,1993-07-02,2,NA,NA,49
41,14,1993-07-01,1993-07-02,3,NA,NA,98
42,16,1993-07-08,1993-07-09,1,NA,NA,49
43,16,1993-07-08,1993-07-09,2,NA,NA,49
44,17,1993-06-25,1993-06-26,3,NA,NA,49
45,17,1993-06-25,1993-06-26,4,NA,NA,49
46,17,1993-06-23,1993-06-24,1,NA,NA,49
47,17,1993-06-23,1993-06-24,2,NA,NA,49
48,13,1993-07-15,1993-07-16,1,NA,NA,49
49,13,1993-07-15,1993-07-16,2,NA,NA,49
50,13,1993-07-15,1993-07-16,3,NA,NA,98
51,18,1993-07-22,1993-07-23,1,NA,NA,49
52,18,1993-07-22,1993-07-23,2,NA,NA,49
53,7,1993-07-20,1993-07-21,1,NA,NA,49
54,7,1993-07-20,1993-07-21,2,NA,NA,49
55,4,1993-06-29,1993-06-30,1,NA,NA,49
56,4,1993-06-29,1993-06-30,2,NA,NA,49
57,1,1994-07-07,1994-07-08,1,NA,NA,49
58,1,1994-07-07,1994-07-08,2,NA,NA,49
59,10,1994-07-19,1994-07-20,1,NA,NA,49
60,10,1994-07-19,1994-07-20,2,NA,NA,49
61,15,1994-07-15,1994-07-16,1,NA,NA,49
62,15,1994-07-15,1994-07-16,2,NA,NA,49
63,8,1994-07-07,1994-07-08,1,NA,NA,49
64,6,1994-06-28,1994-06-29,1,NA,NA,49
65,6,1994-06-28,1994-06-29,2,NA,NA,49
66,14,1994-06-30,1994-07-01,1,NA,NA,49
67,14,1994-06-30,1994-07-01,2,NA,NA,49
68,16,1994-07-14,1994-07-15,1,NA,NA,49
69,16,1994-07-14,1994-07-15,2,NA,NA,49
70,17,1994-07-21,1994-07-22,1,NA,NA,49
71,17,1994-07-21,1994-07-22,2,NA,NA,49
72,3,1994-06-22,1994-06-23,1,NA,NA,49
73,3,1994-06-22,1994-06-23,2,NA,NA,49
74,13,1994-07-12,1994-07-13,1,NA,NA,49
75,13,1994-07-12,1994-07-13,2,NA,NA,49
76,18,1994-07-12,1994-07-13,1,NA,NA,49
77,18,1994-07-12,1994-07-13,2,NA,NA,49
78,7,1994-06-30,1994-07-01,1,NA,NA,49
79,7,1994-06-30,1994-07-01,2,NA,NA,49
80,4,1994-06-28,1994-06-29,1,NA,NA,49
81,4,1994-06-28,1994-06-29,2,NA,NA,49
82,1,1995-07-13,1995-07-14,1,NA,NA,49
83,1,1995-07-13,1995-07-14,2,NA,NA,49
84,10,1995-07-07,1995-07-08,1,NA,NA,49
85,10,1995-07-07,1995-07-08,2,NA,NA,49
86,15,1995-06-29,1995-06-30,1,NA,NA,49
87,15,1995-06-29,1995-06-30,2,NA,NA,49
88,8,1995-07-18,1995-07-19,1,NA,NA,49
89,5,1995-07-28,1995-07-29,1,NA,NA,49
90,5,1995-07-28,1995-07-29,2,NA,NA,49
91,6,1995-07-26,1995-07-27,1,NA,NA,49
92,6,1995-07-26,1995-07-27,2,NA,NA,49
93,11,1995-07-29,1995-07-30,1,NA,NA,49
94,14,1995-06-27,1995-06-28,1,NA,NA,49
95,14,1995-06-27,1995-06-28,2,NA,NA,49
96,16,1995-07-18,1995-07-19,1,NA,NA,49
97,16,1995-07-18,1995-07-19,2,NA,NA,49
98,17,1995-07-21,1995-07-22,1,NA,NA,49
99,17,1995-07-21,1995-07-22,2,NA,NA,49
100,3,1995-07-20,1995-07-21,1,NA,NA,49
101,3,1995-07-20,1995-07-21,2,NA,NA,49
102,20,1995-06-27,1995-06-28,1,NA,NA,49
103,20,1995-06-27,1995-06-28,2,NA,NA,49
104,13,1995-07-13,1995-07-14,1,NA,NA,49
105,13,1995-07-13,1995-07-14,2,NA,NA,49
106,18,1995-07-11,1995-07-12,1,NA,NA,49
107,18,1995-07-11,1995-07-12,2,NA,NA,49
108,7,1995-07-06,1995-07-07,1,NA,NA,49
109,7,1995-07-06,1995-07-07,2,NA,NA,49
110,4,1995-07-11,1995-07-12,1,NA,NA,49
111,4,1995-07-11,1995-07-12,2,NA,NA,49
112,19,1995-06-29,1995-06-30,1,NA,NA,49
113,19,1995-06-29,1995-06-30,2,NA,NA,49
114,2,1995-07-27,1995-07-28,1,NA,NA,49
115,2,1995-07-27,1995-07-28,2,NA,NA,49
116,1,1996-07-02,1996-07-03,1,NA,NA,49
117,1,1996-07-02,1996-07-03,2,NA,NA,49
118,10,1996-07-23,1996-07-24,1,NA,NA,49
119,10,1996-07-23,1996-07-24,2,NA,NA,49
120,15,1996-06-25,1996-06-26,1,NA,NA,49
121,15,1996-06-25,1996-06-26,2,NA,NA,49
122,8,1996-07-13,1996-07-14,1,NA,NA,49
123,5,1996-07-16,1996-07-17,1,NA,NA,49
124,5,1996-07-16,1996-07-17,2,NA,NA,49
125,6,1996-06-27,1996-06-28,1,NA,NA,49
126,6,1996-06-27,1996-06-28,2,NA,NA,49
127,11,1996-07-13,1996-07-14,1,NA,NA,49
128,14,1996-07-25,1996-07-26,1,NA,NA,49
129,14,1996-07-25,1996-07-26,2,NA,NA,49
130,16,1996-07-11,1996-07-12,1,NA,NA,49
131,16,1996-07-11,1996-07-12,2,NA,NA,49
132,17,1996-07-11,1996-07-12,1,NA,NA,49
133,17,1996-07-11,1996-07-12,2,NA,NA,49
134,3,1996-08-06,1996-08-07,1,NA,NA,49
135,3,1996-08-06,1996-08-07,2,NA,NA,49
136,20,1996-07-25,1996-07-26,1,NA,NA,49
137,20,1996-07-25,1996-07-26,2,NA,NA,49
138,13,1996-07-02,1996-07-03,1,NA,NA,49
139,13,1996-07-02,1996-07-03,2,NA,NA,49
140,18,1996-07-09,1996-07-10,1,NA,NA,49
141,18,1996-07-09,1996-07-10,2,NA,NA,49
142,7,1996-07-16,1996-07-17,1,NA,NA,49
143,7,1996-07-16,1996-07-17,2,NA,NA,49
144,4,1996-07-09,1996-07-10,1,NA,NA,49
145,4,1996-07-09,1996-07-10,2,NA,NA,49
146,19,1996-06-21,1996-06-22,1,NA,NA,49
147,19,1996-06-21,1996-06-22,2,NA,NA,49
148,2,1996-07-31,1996-08-01,1,NA,NA,49
149,2,1996-07-31,1996-08-01,2,NA,NA,49
150,4,1997-06-17,1997-06-20,1,65 F at 0500,NA,49
151,4,1997-06-17,1997-06-20,2,NA,NA,49
152,20,1997-06-24,1997-06-27,1,weather clear entire trapping period,NA,49
153,20,1997-06-24,1997-06-27,2,NA,NA,49
154,19,1997-06-25,1997-06-28,1,weather clear entire trapping period,6-25: approx 60% traps w/bait cleaned out,49
155,19,1997-06-25,1997-06-28,2,NA,NA,49
156,14,1997-06-30,1997-07-03,1,NA,NA,49
157,14,1997-06-30,1997-07-03,2,no rain during trapping period,NA,49
159,13,1997-07-08,1997-07-11,1,"nights 1-3 calm, clear warm; night 4 clear & windy 0-15 mph",NA,49
161,13,1997-07-08,1997-07-11,2,"nights 1-3 calm, clear, warm; night 4 clear & windy 0-15 mph",NA,49
162,6,1997-07-08,1997-07-11,1,NA,NA,49
163,6,1997-07-08,1997-07-11,2,NA,NA,49
164,2,1997-07-10,1997-07-11,1,NA,NA,49
165,2,1997-07-10,1997-07-11,2,NA,NA,49
167,1,1997-07-15,1997-07-18,1,all nights calm and clear during trapping session,NA,49
168,1,1997-07-15,1997-07-18,2,all nights clear & calm during trapping session,NA,49
169,17,1997-07-15,1997-07-18,1,NA,NA,49
170,17,1997-07-15,1997-07-18,2,NA,NA,49
171,16,1997-07-15,1997-07-18,1,NA,NA,49
172,16,1997-07-15,1997-07-18,2,NA,NA,49
173,18,1997-07-22,1997-07-23,1,NA,NA,49
174,18,1997-07-22,1997-07-23,2,NA,NA,49
175,8,1997-07-23,1997-07-24,1,NA,NA,49
176,11,1997-07-24,1997-07-25,1,NA,NA,49
177,10,1997-07-29,1997-08-01,1,NA,NA,49
178,10,1997-07-29,1997-08-01,2,NA,NA,49
179,7,1997-08-01,1997-08-02,1,NA,NA,49
180,7,1997-08-01,1997-08-02,2,NA,NA,49
181,20,1998-07-28,1998-07-31,1,rain at 6 p.m. 7-29; no rain other nights,NA,49
182,20,1998-07-28,1998-07-31,2,rain on 7-29 at 6 pm,NA,144
183,10,1998-06-29,1998-07-02,1,"clear, calm all 4 nights",NA,144
184,10,1998-06-29,1998-07-02,2,"clear, calm all 4 nights",NA,49
185,17,1998-07-20,1998-07-23,1,"night 1: rain 10pm-2am, night 2: rain/storm 12pm-3am, night 3: calm, ptly cloudy, night 4:calm,clear",NA,144
186,17,1998-07-20,1998-07-23,2,"night1: rain 2200-0200, night2: rain/storm 0000-0300, night 3 calm, ptly cloudy, night4: calm, clear",NA,49
187,14,1998-07-14,1998-07-17,1,"breezy night of 7-14, otherwise clear/calm",NA,144
188,14,1998-07-14,1998-07-17,2,"high winds night 1, otherwise clear/calm",NA,49
189,7,1998-07-14,1998-07-17,1,NA,NA,49
190,7,1998-07-14,1998-07-17,2,NA,NA,49
191,1,1998-06-16,1998-06-19,1,NA,NA,49
349,1,1998-06-16,1998-06-19,2,"night 1: clear, calm",NA,49
350,6,1998-06-17,1998-06-20,1,cool clear mornings; each day hotter,"6-18: B5, F7, G6 sprung",49
351,6,1998-06-17,1998-06-20,2,NA,NA,49
352,18,1998-07-31,1998-08-01,1,NA,NA,49
353,18,1998-07-31,1998-08-01,2,NA,NA,49
354,4,1998-07-26,1998-07-27,2,NA,many millipedes at trap entrances & in traps (7/27),49
355,4,1998-07-26,1998-07-27,1,NA,dead javelina at trap location E1,49
356,13,1998-07-01,1998-07-02,1,NA,NA,49
357,13,1998-07-01,1998-07-02,2,NA,NA,49
358,16,1998-06-29,1998-06-30,1,NA,NA,49
359,16,1998-06-29,1998-06-30,2,NA,NA,49
360,19,1998-06-26,1998-06-27,1,NA,NA,49
361,19,1998-06-26,1998-06-27,2,NA,NA,49
362,2,1998-06-23,1998-06-24,1,NA,NA,49
363,2,1998-06-23,1998-06-24,2,NA,NA,49
364,4,1999-07-12,1999-07-13,1,NA,NA,49
365,4,1999-07-12,1999-07-13,2,NA,NA,49
366,10,1999-07-20,1999-07-23,1,No rain during evenings 7/20-7/23,NA,49
367,10,1999-07-20,1999-07-23,2,no rain during trapping period,NA,49
368,16,1999-07-20,1999-07-21,1,NA,NA,49
369,16,1999-07-20,1999-07-21,2,NA,NA,49
370,13,1999-07-12,1999-07-13,1,"light rain night of 7-11, rain during day 7-12, light rain in early a.m. 7-13",NA,49
371,13,1999-07-12,1999-07-13,2,light rain & monsoon conditions at various times during trapping session,NA,49
372,6,1999-07-08,1999-07-11,1,"monsoon activity throughout trapping period, rain morning of 7-9-99",NA,49
374,6,1999-07-08,1999-07-11,2,"monsoon activity throughout trapping period, light rain morning of 7-9-99",NA,49
375,7,1999-07-06,1999-07-09,1,rained out night 2 (7-6/7-7),2nd night of trapping skipped due to rain,49
378,7,1999-07-06,1999-07-09,2,rained out night of 7-6/7-7,2nd night of trapping skipped due to weather,49
379,1,1999-06-22,1999-06-25,1,clear & calm evenings all 4 nights,NA,49
381,1,1999-06-22,1999-06-25,2,clear & calm all 4 nights,NA,49
382,20,1999-06-15,1999-06-18,1,"clear, calm",NA,49
383,20,1999-06-15,1999-06-18,2,"clear, calm",NA,144
384,8,1999-08-11,1999-08-12,1,NA,no marks given 8-12-99,49
385,17,1999-08-03,1999-08-06,1,NA,NA,144
386,17,1999-08-03,1999-08-06,2,NA,NA,49
387,14,1999-07-15,1999-07-18,1,NA,NA,144
388,14,1999-07-15,1999-07-18,2,NA,NA,49
389,19,2000-07-04,2000-07-05,1,NA,NA,49
390,8,1998-07-29,1998-07-30,1,NA,NA,49
391,19,1999-06-15,1999-06-16,1,NA,NA,49
392,19,1999-06-15,1999-06-16,2,NA,NA,49
393,18,1999-06-21,1999-06-22,1,NA,NA,49
394,18,1999-06-21,1999-06-22,2,NA,NA,49
395,2,1999-06-24,1999-06-25,1,NA,NA,49
396,2,1999-06-24,1999-06-25,2,NA,NA,49
397,19,2000-07-04,2000-07-05,2,NA,NA,49
398,11,2000-07-04,2000-07-05,1,NA,NA,49
399,18,2000-07-06,2000-07-07,1,NA,NA,49
400,18,2000-07-06,2000-07-07,2,NA,NA,49
401,15,2000-07-06,2000-07-07,1,NA,NA,49
402,15,2000-07-06,2000-07-07,2,NA,NA,49
403,1,2000-07-11,2000-07-12,1,NA,NA,49
404,1,2000-07-11,2000-07-12,2,NA,NA,49
405,14,2000-07-12,2000-07-13,1,NA,NA,49
406,14,2000-07-12,2000-07-13,2,NA,NA,49
407,7,2000-07-14,2000-07-15,1,night 1 overcast,NA,49
408,7,2000-07-14,2000-07-15,2,NA,NA,49
409,6,2000-07-14,2000-07-15,1,night 1 overcast,NA,49
410,6,2000-07-14,2000-07-15,2,NA,NA,49
411,2,2000-07-25,2000-07-26,1,NA,NA,49
412,2,2000-07-25,2000-07-26,2,NA,NA,49
413,4,2000-07-26,2000-07-27,1,NA,NA,49
414,4,2000-07-26,2000-07-27,2,NA,NA,49
416,13,2000-07-27,2000-07-28,1,NA,NA,49
417,13,2000-07-27,2000-07-28,2,NA,NA,49
418,10,2000-07-29,2000-07-30,1,NA,NA,49
419,10,2000-07-29,2000-07-30,2,NA,NA,49
420,17,2000-07-30,2000-07-31,1,NA,NA,49
421,17,2000-07-30,2000-07-31,2,NA,NA,49
422,16,2000-08-01,2000-08-03,1,"one night skipped, heavy rain (.80"") evening of 8-1-00",NA,49
423,16,2000-08-01,2000-08-03,2,"1 night skipped, heavy rain (.80"") evening of 8-1-00",NA,49
424,8,2000-08-02,2000-08-03,1,NA,NA,49
425,20,2000-07-18,2000-07-20,1,NA,1 night skipped,49
426,20,2000-07-18,2000-07-20,2,1 night skipped,NA,49
427,20,2001-07-03,2001-07-04,1,NA,NA,49
428,20,2001-07-03,2001-07-04,2,NA,NA,49
429,6,2001-07-11,2001-07-12,1,NA,NA,49
430,6,2001-07-11,2001-07-12,2,NA,NA,49
431,7,2001-07-11,2001-07-12,1,NA,NA,49
432,7,2001-07-11,2001-07-12,2,NA,NA,49
433,19,2001-07-13,2001-07-14,1,NA,NA,49
434,19,2001-07-13,2001-07-14,2,NA,NA,49
435,2,2001-07-15,2001-07-16,1,NA,NA,49
436,2,2001-07-15,2001-07-16,2,NA,NA,49
437,1,2001-07-15,2001-07-16,1,NA,NA,49
438,1,2001-07-15,2001-07-16,2,NA,NA,49
439,16,2001-07-18,2001-07-19,1,NA,NA,49
440,16,2001-07-18,2001-07-19,2,NA,NA,49
441,4,2001-07-13,2001-07-14,1,NA,NA,49
442,4,2001-07-13,2001-07-14,2,NA,NA,49
443,15,2001-07-21,2001-07-22,1,NA,NA,49
444,15,2001-07-21,2001-07-22,2,NA,NA,49
445,11,2001-07-24,2001-07-25,1,NA,NA,49
446,10,2001-07-20,2001-07-21,1,NA,NA,49
447,10,2001-07-20,2001-07-21,2,NA,NA,49
448,18,2001-07-24,2001-07-25,1,NA,NA,49
449,18,2001-07-24,2001-07-25,2,NA,NA,49
450,17,2001-07-31,2001-08-01,1,NA,NA,49
451,17,2001-07-31,2001-08-01,2,NA,NA,49
452,13,2001-08-02,2001-08-03,1,NA,NA,49
453,13,2001-08-02,2001-08-03,2,NA,NA,49
454,14,2001-07-01,2001-07-02,1,NA,NA,49
455,14,2001-07-01,2001-07-02,2,NA,NA,49
456,8,2001-07-31,2001-08-01,1,NA,NA,49
457,1,2002-07-03,2002-07-04,1,NA,NA,49
458,1,2002-07-03,2002-07-04,2,NA,NA,49
459,18,2002-07-03,2002-07-04,1,NA,NA,49
460,18,2002-07-03,2002-07-04,2,NA,NA,49
461,4,2002-07-06,2002-07-07,1,NA,NA,49
462,4,2002-07-06,2002-07-07,2,NA,NA,49
463,15,2002-07-09,2002-07-10,1,NA,NA,49
464,15,2002-07-09,2002-07-10,2,NA,NA,49
465,8,2002-07-09,2002-07-10,1,NA,NA,49
466,14,2002-07-11,2002-07-12,1,NA,NA,49
467,14,2002-07-11,2002-07-12,2,many traps sprung or laying on side from wind on 7-11-02,NA,49
469,2,2002-07-12,2002-07-13,1,NA,NA,49
470,2,2002-07-12,2002-07-13,2,NA,NA,49
471,7,2002-07-15,2002-07-16,1,NA,NA,49
472,7,2002-07-15,2002-07-16,2,NA,NA,49
473,6,2002-07-15,2002-07-16,1,NA,NA,49
474,6,2002-07-15,2002-07-16,2,NA,NA,49
475,20,2002-07-17,2002-07-18,1,NA,NA,49
476,20,2002-07-17,2002-07-18,2,NA,NA,49
478,10,2002-07-17,2002-07-18,1,NA,NA,49
479,10,2002-07-17,2002-07-18,2,NA,NA,49
480,11,2002-07-20,2002-07-21,1,NA,NA,49
481,19,2002-07-28,2002-07-29,1,NA,NA,49
482,19,2002-07-28,2002-07-29,2,NA,NA,49
483,16,2002-07-24,2002-07-25,1,monsoon activity & overcact night of 7-23,NA,49
484,16,2002-07-24,2002-07-25,2,monsoon activity & overcast night of 7-23,NA,49
485,13,2002-07-26,2002-07-27,1,NA,NA,49
486,13,2002-07-26,2002-07-27,2,NA,NA,49
487,6,2003-07-23,2003-07-24,1,NA,NA,49
488,6,2003-07-23,2003-07-24,2,NA,NA,49
489,6,2004-07-15,2004-07-16,1,NA,NA,49
490,6,2004-07-15,2004-07-16,2,NA,NA,49
491,7,2003-07-23,2003-07-24,1,NA,NA,49
492,7,2003-07-23,2003-07-24,2,NA,NA,49
493,7,2004-07-15,2004-07-16,1,NA,NA,49
494,7,2004-07-15,2004-07-16,2,NA,NA,49
495,10,2003-07-30,2003-07-31,1,NA,NA,49
496,10,2003-07-30,2003-07-31,2,NA,NA,49
497,10,2004-07-23,2004-07-24,1,NA,NA,49
498,10,2004-07-23,2004-07-24,2,NA,NA,49
499,8,2003-08-05,2003-08-06,1,NA,NA,49
500,8,2004-08-11,2004-08-12,1,NA,NA,49
502,13,2003-07-10,2003-07-11,1,NA,NA,49
503,13,2003-07-10,2003-07-11,2,NA,NA,49
504,19,2003-07-11,2003-07-12,1,NA,NA,49
505,19,2003-07-11,2003-07-12,2,NA,NA,49
506,14,2003-07-13,2003-07-14,1,NA,NA,49
507,14,2003-07-13,2003-07-14,2,NA,NA,49
508,1,2003-07-15,2003-07-16,1,NA,NA,49
509,1,2003-07-15,2003-07-16,2,NA,NA,49
510,18,2003-07-15,2003-07-16,1,NA,NA,49
511,18,2003-07-15,2003-07-16,2,NA,NA,49
512,4,2003-07-19,2003-07-20,1,NA,NA,49
513,4,2003-07-19,2003-07-20,2,NA,NA,49
514,20,2003-07-21,2003-07-22,1,NA,NA,49
515,20,2003-07-21,2003-07-22,2,NA,NA,49
517,11,2003-07-25,2003-07-26,1,NA,NA,49
518,17,2003-07-26,2003-07-27,1,NA,NA,49
519,17,2003-07-26,2003-07-27,2,NA,NA,49
520,16,2003-07-28,2003-07-29,1,NA,NA,49
521,16,2003-07-28,2003-07-29,2,NA,NA,49
522,2,2003-08-08,2003-08-09,1,NA,NA,49
523,2,2003-08-08,2003-08-09,2,NA,NA,49
524,4,2004-08-03,2004-08-04,1,NA,NA,49
525,4,2004-08-03,2004-08-04,2,NA,NA,49
526,11,2004-08-04,2004-08-05,1,NA,NA,49
527,13,2004-08-05,2004-08-06,1,NA,Sight is loaded with ants.,49
528,13,2004-08-05,2004-08-06,2,NA,NA,49
529,17,2004-08-03,2004-08-04,1,NA,NA,49
530,17,2004-08-03,2004-08-04,2,NA,NA,49
532,2,2004-07-06,2004-07-07,1,NA,NA,49
533,2,2004-07-06,2004-07-07,2,NA,NA,49
534,15,2004-07-07,2004-07-08,1,NA,NA,49
535,15,2004-07-07,2004-07-08,2,NA,"Traps in gully:  A4, A5, B5, B6",49
536,1,2004-07-13,2004-07-14,1,NA,NA,49
537,1,2004-07-13,2004-07-14,2,NA,NA,49
538,18,2004-07-13,2004-07-14,1,NA,NA,49
539,18,2004-07-13,2004-07-14,2,NA,NA,49
540,19,2004-07-18,2004-07-19,1,NA,NA,49
541,19,2004-07-18,2004-07-19,2,NA,NA,49
542,20,2004-07-19,2004-07-20,1,NA,NA,49
543,20,2004-07-19,2004-07-20,2,NA,NA,49
544,14,2004-07-28,2004-07-29,1,NA,NA,49
545,14,2004-07-28,2004-07-29,2,NA,NA,49
546,16,2004-07-30,2004-07-31,1,NA,NA,49
547,16,2004-07-30,2004-07-31,2,NA,NA,49
548,1,2005-06-29,2005-06-30,1,NA,"6/29: Sprung: B5, E5",49
549,1,2005-06-29,2005-06-30,2,NA,6/30: Sprung: E7,49
550,18,2005-06-29,2005-06-30,1,NA,Channel at path: Kinosternon 10R11R8L Ad M; Kinosternon unmarked Ad F; +2  swimming/pond/boat launch,49
551,18,2005-06-29,2005-06-30,2,NA,6/30: Sprung: D7,49
552,14,2005-07-01,2005-07-02,1,NA,7/1: B7 Sprung; Cottontail in G3,49
553,14,2005-07-01,2005-07-02,2,NA,7/1: E1 Sprung,49
555,15,2005-07-01,2005-07-02,1,"100% Schismus cover; sev well-estab'd UDA trails crossing traps in gullly: B7, C7","7/2 Sprung: G6, G4, G3, F4, D4, A4, B4",49
556,15,2005-07-01,2005-07-02,2,NOTES: ATV tracks on south end,"7/2: E3 sprung; traps in gully: A4, A5, B7, B5, B5",49
557,7,2005-07-06,2005-07-07,1,NA,7/6: C2 sprung,49
558,7,2005-07-06,2005-07-07,2,NA,7/7: A4 sprung,49
559,6,2005-07-06,2005-07-07,1,NA,7/7: A1 sprung,49
560,6,2005-07-06,2005-07-07,2,NA,"7/6: E2, C7 sprung",49
561,4,2005-07-12,2005-07-13,1,NA,"7/12: D2 sprung      7/13: C7, G2 sprung",49
562,4,2005-07-12,2005-07-13,2,NA,"7/12: F1, B2 sprung    7/12: Rabbit in B7",49
563,2,2005-07-12,2005-07-13,1,NA,7/12: A5 sprung,49
564,2,2005-07-12,2005-07-13,2,NA,7/13: B7 sprung,49
566,13,2005-07-14,2005-07-15,1,NA,7/14: Whipsnake near E7 even mix pink on black ~3.5 ft,49
567,13,2005-07-14,2005-07-15,2,NA,7/14: D5 sprung,49
568,19,2005-07-19,2005-07-20,1,"High winds last night (monsoon, no rain)","7/19: A2. B2, C3, G7, G2 sprung; 7/20: D1, G3 sprung; many traps on sides",49
569,19,2005-07-19,2005-07-20,2,NA,"7/19: A7, A3, B6 sprung",49
570,11,2005-07-21,2005-07-22,1,NA,NA,49
571,20,2005-07-21,2005-07-23,1,No 7/22-rain; lg gap(wash)between 4&5 lines,"7/21: F1,B5 sprung; 7/23: C7 sprung; stout atrox at D2 eve of 7/20/05",49
572,20,2005-07-21,2005-07-23,2,Skip 7/22/05 - Rain,NA,49
573,16,2005-07-24,2005-07-25,1,4/24: Mice are wet: rain last night after midnight,"7/24: C6, D2 sprung. 7/23: Flagellum DOR MP64.2 collected, Pituophis LOR MP57.1",49
574,16,2005-07-24,2005-07-25,2,"Very heavy flow in bosque wash from rain 7/21; prior rain 2.3""; 7/24-0.4""; k-rats like drowned rats",7/24: G7 stuck open. 7/25: D5 sprung; 7/24: Flagellum lg pink LOR MP 2.5 toward BW from Hwy 85,49
575,17,2005-07-26,2005-07-28,1,NA,Not set 7/27 (no help). Dip spectabilis(?) DOR collected 2.4 mi toward BW from CPNWR jct,49
576,17,2005-07-26,2005-07-28,2,NA,Not set 7/27 (no help); 7/26 Peniocereus greggi blooming this morning,49
578,10,2005-08-07,2005-08-10,1,2-night delay-heavy monsoon storms; site very wet on 8/9,"8/10: D6, E3, G5 (NEAL tail) , F7 sprung",49
579,10,2005-08-07,2005-08-10,2,2-night delay-heavy monsoon storms; site very wet on 8/9,8/7: A7-A4-B4-B7-C5-D2-D6-F1-F2-F6-F7-G5 sprung; 8/10: A1 (NEAL tail) B1-C3-E5 sprung,49
580,8,2005-08-13,2005-08-14,1,NA,8/13: B5-B4 sprung; 8/14: B3-E2-E7-F-6 sprung,49
584,6,2006-07-08,2006-07-09,1,NA,NA,49
585,6,2006-07-08,2006-07-09,2,NA,NA,49
586,7,2006-07-08,2006-07-09,1,NA,NA,49
587,7,2006-07-08,2006-07-09,2,NA,NA,49
588,20,2006-06-28,2006-06-29,1,NA,NA,49
589,20,2006-06-28,2006-06-29,2,NA,NA,49
591,4,2006-07-12,2006-07-13,1,NA,NA,49
592,4,2006-07-12,2006-07-13,2,NA,NA,49
593,1,2006-07-14,2006-07-15,1,NA,NA,49
594,1,2006-07-14,2006-07-15,2,NA,NA,49
595,18,2006-07-14,2006-07-15,1,NA,NA,49
596,18,2006-07-14,2006-07-15,2,NA,NA,49
597,15,2006-07-19,2006-07-20,1,NA,NA,49
598,15,2006-07-19,2006-07-20,2,NA,NA,49
599,10,2006-07-20,2006-07-21,1,NA,NA,49
600,10,2006-07-20,2006-07-21,2,NA,NA,49
601,19,2006-07-21,2006-07-22,1,NA,NA,49
602,19,2006-07-21,2006-07-22,2,NA,NA,49
603,2,2006-07-22,2006-07-23,1,NA,NA,49
604,2,2006-07-22,2006-07-23,2,NA,NA,49
605,14,2006-07-25,2006-07-26,1,NA,NA,49
606,14,2006-07-25,2006-07-26,2,NA,NA,49
607,11,2006-07-28,2006-07-29,1,NA,NA,49
608,8,2006-08-03,2006-08-04,1,NA,NA,49
609,16,2006-08-02,2006-08-03,1,NA,NA,49
610,16,2006-08-02,2006-08-03,2,NA,NA,49
611,17,2006-08-09,2006-08-10,1,NA,NA,49
612,17,2006-08-09,2006-08-10,2,NA,NA,49
613,13,2006-08-22,2006-08-23,1,NA,NA,49
614,13,2006-08-22,2006-08-23,2,NA,NA,49
616,10,2007-08-08,2007-08-09,1,NA,water flowing in canyon; vegetation very lush,49
617,10,2007-08-08,2007-08-09,2,NA,water flowing in canyon; vegetation very lush,49
619,54,2006-07-19,2006-07-20,1,NA,NA,49
620,54,2007-08-15,2007-08-16,1,rain during first trapping night,11 sprung traps night 1; 15 sprung traps night 2,49
621,14,2007-08-28,2007-08-29,1,NA,lunar eclipse 8-28 @ 0300,49
622,14,2007-08-28,2007-08-29,2,NA,lunar eclipse 8-28-07 @0300,49
623,8,2007-08-30,2007-08-31,1,monsoon rain afternoon of 8-30-07,NA,49
624,15,2008-07-02,2008-07-03,1,NA,NA,49
625,15,2008-07-02,2008-07-03,2,NA,NA,49
626,14,2008-07-15,2008-07-16,1,NA,NA,49
627,14,2008-07-15,2008-07-16,2,NA,NA,49
628,54,2008-07-15,2008-07-16,1,NA,NA,49
629,20,2008-07-17,2008-07-18,1,NA,NA,49
630,20,2008-07-17,2008-07-18,2,NA,NA,49
631,10,2008-07-24,2008-07-25,1,NA,7-24: 2 sprung traps; 7-25: 4 sprung traps,49
632,10,2008-07-24,2008-07-25,2,NA,NA,49
633,19,2008-07-31,2008-08-01,1,NA,NA,49
634,19,2008-07-31,2008-08-01,2,NA,many tarantula holes,49
635,1,2008-08-18,2008-08-19,1,NA,NA,49
636,1,2008-08-18,2008-08-19,2,NA,NA,49
637,13,2008-08-18,2008-08-19,1,NA,1 harris ground squirrel on 8/18,49
638,13,2008-08-18,2008-08-19,2,NA,2 round-tailed ground squirrels on 8-19,49
639,15,2009-07-01,2009-07-02,1,NA,***18 sprung traps on 7-1,49
641,15,2009-07-01,2009-07-02,2,NA,7-1: many traps laying on side; 4 traps sprung,49
642,19,2009-07-09,2009-07-10,1,NA,NA,49
643,19,2009-07-09,2009-07-10,2,NA,NA,49
644,14,2009-07-15,2009-07-16,1,NA,NA,49
645,14,2009-07-15,2009-07-16,2,NA,NA,49
646,16,2009-07-22,2009-07-23,1,NA,NA,49
647,16,2009-07-22,2009-07-23,2,NA,NA,49
648,54,2009-07-23,2009-07-24,1,NA,NA,49
649,6,2009-07-29,2009-07-30,1,NA,NA,49
650,6,2009-07-29,2009-07-30,2,NA,NA,49
651,7,2009-07-29,2009-07-30,1,NA,4 round-tailed ground squirrels caught on 7-30,49
652,7,2009-07-29,2009-07-30,2,NA,NA,49
653,20,2009-07-31,2009-08-01,1,NA,NA,49
654,20,2009-07-31,2009-08-01,2,NA,NA,49
655,10,2009-08-07,2009-08-08,1,NA,8-7: 5 sprung traps,49
656,10,2009-08-07,2009-08-08,2,NA,NA,49
657,8,2009-08-12,2009-08-13,1,monsoon storm & rain on night 2,8-12: 8 sprung traps,49
658,15,2010-07-07,2010-07-08,1,NA,NA,49
659,15,2010-07-07,2010-07-08,2,NA,NA,49
660,10,2010-07-23,2010-07-24,1,NA,NA,49
661,10,2010-07-23,2010-07-24,2,NA,NA,49
662,19,2010-07-20,2010-07-21,1,NA,NA,49
663,19,2010-07-20,2010-07-21,2,NA,NA,49
664,14,2010-07-23,2010-07-24,1,NA,NA,49
665,14,2010-07-23,2010-07-24,2,NA,Peniocereus blooming 7-21 to 7-24,49
666,16,2010-07-27,2010-07-28,1,NA,NA,49
667,16,2010-07-27,2010-07-28,2,NA,NA,49
668,54,2010-07-29,2010-07-30,1,NA,NA,49
669,20,2010-08-03,2010-08-04,1,NA,NA,49
670,20,2010-08-03,2010-08-04,2,NA,NA,49
671,17,2010-08-12,2010-08-13,1,NA,NA,49
672,17,2010-08-12,2010-08-13,2,NA,NA,49
673,8,2010-08-30,2010-08-31,1,NA,NA,49
674,20,2011-06-28,2011-06-29,1,NA,NA,49
675,20,2011-06-28,2011-06-29,2,NA,NA,49
676,54,2011-07-06,2011-07-07,1,NA,NA,49
677,14,2011-07-12,2011-07-13,1,NA,NA,49
678,14,2011-07-12,2011-07-13,2,NA,trap D1 missing on 7-12-11,49
679,15,2011-07-19,2011-07-20,1,NA,NA,49
680,15,2011-07-19,2011-07-20,2,NA,NA,49
681,19,2011-07-21,2011-07-22,1,NA,NA,49
682,19,2011-07-21,2011-07-22,2,NA,NA,49
683,8,2011-07-27,2011-07-28,1,NA,NA,49
684,10,2011-08-02,2011-08-03,1,NA,"6 sprung traps on 8/2/11, 7 sprung traps on 8/3/11",49
685,10,2011-08-02,2011-08-03,2,NA,"7 sprung traps on 8/2/11, 5 sprung traps on 8/3/11",49
686,4,2011-08-11,2011-08-12,1,NA,NA,49
687,4,2011-08-11,2011-08-12,2,NA,NA,49
688,16,2011-08-30,2011-08-31,1,NA,many rodents with stub tails,49
689,16,2011-08-30,2011-08-31,2,NA,NA,49
691,55,2011-09-21,2011-09-22,1,NA,NA,49
692,1,2012-06-27,2012-06-28,1,NA,NA,49
693,1,2012-06-27,2012-06-28,2,NA,NA,49
694,13,2012-06-27,2012-06-28,1,NA,NA,49
695,13,2012-06-27,2012-06-28,2,NA,NA,49
696,14,2012-07-12,2012-07-14,1,heavy monsoon rain 7/12 & 7/13,one night skipped due to monsoon weather,49
697,14,2012-07-12,2012-07-14,2,heavy monsoon rain on 7-12 & 7-13,one night skipped due to monsoon weather; 7-12 a.m.: many Peniocereus flowers,49
698,20,2012-07-18,2012-07-19,1,NA,spotted skunk in D6 (7-18-12),49
699,20,2012-07-18,2012-07-19,2,NA,NA,49
700,4,2012-07-24,2012-07-25,1,NA,NA,49
701,4,2012-07-24,2012-07-25,2,NA,NA,49
702,10,2012-07-25,2012-07-26,1,NA,4 sprung traps night 1; 5 sprung traps night 2,49
703,10,2012-07-25,2012-07-26,2,NA,!!! 8 sprung traps night 1; 12 sprung traps night 2,49
704,6,2012-07-27,2012-07-28,1,NA,NA,49
705,6,2012-07-27,2012-07-28,2,NA,NA,49
706,7,2012-07-27,2012-07-28,1,NA,* 5 Harris ground squirrel captures on 7-28-12,49
707,7,2012-07-27,2012-07-28,2,NA,1 Bufo capture on 7-27-12,49
708,16,2012-07-31,2012-08-01,1,NA,NA,49
709,16,2012-07-31,2012-08-01,2,NA,NA,49
710,8,2012-08-05,2012-08-06,1,NA,NA,49
711,19,2012-08-09,2012-08-10,1,NA,"8-9 3 traps sprung, several laying on side",49
712,19,2012-08-09,2012-08-10,2,NA,NA,49
713,20,2013-06-28,2013-06-29,1,NA,NA,49
714,20,2013-06-28,2013-06-29,2,NA,NA,49
715,16,2013-07-09,2013-07-10,1,NA,NA,49
716,16,2013-07-09,2013-07-10,2,NA,NA,49
717,14,2013-07-11,2013-07-12,2,NA,NA,49
719,14,2013-07-11,2013-07-12,1,NA,NA,49
720,10,2013-07-16,2013-07-17,1,NA,NA,49
721,10,2013-07-16,2013-07-17,2,NA,"7-16: 7 sprung traps, 7-17: 5 sprung traps",49
722,4,2013-07-18,2013-07-19,1,NA,NA,49
723,4,2013-07-18,2013-07-19,2,NA,NA,49
724,6,2013-07-23,2013-07-24,1,NA,NA,49
725,6,2013-07-23,2013-07-24,2,NA,NA,49
726,19,2013-07-25,2013-07-27,1,NA,Skipped one night due to rain. Many millipedes.,49
727,19,2013-07-25,2013-07-27,2,NA,Skipped 1 night due to rain.,49
728,13,2013-07-30,2013-07-31,1,NA,NA,49
729,13,2013-07-30,2013-07-31,2,NA,many Pinacate beetles 7-31,49
730,1,2013-07-30,2013-07-31,1,NA,NA,49
731,1,2013-07-30,2013-07-31,2,NA,NA,49
733,62,2013-08-01,2013-08-02,2,NA,NA,49
734,11,2013-08-01,2013-08-02,1,NA,NA,49
735,15,2013-08-04,2013-08-05,1,NA,NA,49
736,15,2013-08-04,2013-08-05,2,NA,NA,49
737,17,2013-08-06,2013-08-07,1,light rain overnight (night 1),millipedes,49
738,17,2013-08-06,2013-08-07,2,light rain overnight (night 1),NA,49
739,8,2013-08-15,2013-08-16,1,NA,NA,49
740,14,2014-07-09,2014-07-11,1,NA,Skipped one night due to rain. 6 traps sprung first night.,49
741,14,2014-07-09,2014-07-11,2,Major storm early a.m. 7-9.,Skipped one night.,49
742,15,2014-07-16,2014-07-17,1,NA,NA,49
743,15,2014-07-16,2014-07-17,2,NA,NA,49
744,20,2014-07-22,2014-07-23,1,NA,NA,49
745,20,2014-07-22,2014-07-23,2,NA,NA,49
746,4,2014-07-25,2014-07-26,1,NA,NA,49
747,4,2014-07-25,2014-07-26,2,NA,NA,49
748,13,2014-07-30,2014-07-31,1,NA,NA,49
749,13,2014-07-30,2014-07-31,2,NA,NA,49
750,1,2014-07-30,2014-07-31,1,NA,NA,49
751,1,2014-07-30,2014-07-31,2,NA,NA,49
752,6,2014-08-01,2014-08-02,1,NA,NA,49
754,6,2014-08-01,2014-08-02,2,NA,NA,49
755,17,2014-08-08,2014-08-10,1,NA,"Skipped one day due to weather. Peniocereus between D1, D2 (one fruit). Sunrise: 0605",49
756,17,2014-08-08,2014-08-10,2,NA,"Skipped 1 night. Grid dry on NE, wet (green) on SW. 8/8/14, Pituophis 0706 E of vehicles.",49
757,10,2014-08-07,2014-08-09,1,NA,"Night 2 skipped; night 3 = monsoon storm during baiting, 14 traps not baited due to lightning.",49
758,10,2014-08-07,2014-08-09,2,NA,night 2 skipped; monsoon storm on night 3.,49
759,11,2014-08-12,2014-08-14,1,NA,Trapped 8/11-12 and 8/13-14.,49
760,7,2014-08-12,2014-08-14,1,NA,One Day Skipped.,49
761,7,2014-08-14,2014-08-16,2,NA,one day skipped.,49
762,14,2015-06-24,2015-06-27,1,NA,2 ground squirrel captures,49
763,14,2015-06-24,2015-06-27,2,NA,1 ground squirrel,49
764,19,2015-07-17,2015-07-20,1,NA,2 nights skipped due to weather,49
765,19,2015-07-17,2015-07-20,2,NA,2 nights skipped due to weather,49
766,4,2015-07-22,2015-07-23,1,NA,NA,49
767,4,2015-07-22,2015-07-23,2,NA,NA,49
768,1,2015-07-30,2015-07-31,1,NA,NA,49
769,1,2015-07-30,2015-07-31,2,NA,NA,49
770,10,2015-09-29,2015-09-30,1,NA,2 sprung traps on 9-29,49
771,10,2015-09-29,2015-09-30,2,NA,sprung/not baited 9-29 = 2; 9-30 = 6,49
772,6,2015-10-08,2015-10-09,1,NA,"sprung: 10-8 = 2, 10-9 = 1",49
773,6,2015-10-08,2015-10-09,2,59Â° AT 06:40,NA,49
774,13,2015-10-23,2015-10-24,1,NA,NA,49
775,13,2015-10-23,2015-10-24,2,NA,NA,49
776,16,2015-10-28,2015-10-29,1,NA,NA,49
777,16,2015-10-28,2015-10-29,2,NA,NA,49
779,4,2016-07-06,2016-07-07,1,NA,NA,49
780,4,2016-07-06,2016-07-07,2,NA,NA,49
781,13,2016-07-20,2016-07-21,1,NA,NA,49
782,13,2016-07-20,2016-07-21,2,NA,NA,49
783,6,2016-07-22,2016-07-23,1,NA,NA,49
784,6,2016-07-22,2016-07-23,2,NA,Heloderma in trap F2 day 2,49
785,10,2016-07-26,2016-07-27,1,NA,NA,49
786,10,2016-07-26,2016-07-27,2,NA,NA,49
787,19,2016-07-26,2016-07-27,1,NA,NA,49
788,19,2016-07-26,2016-07-27,2,NA,NA,49
789,7,2016-08-16,2016-08-17,1,NA,"3 traps missing, 2 found. 2 traps destroyed-ripped open",49
790,7,2016-08-16,2016-08-17,2,NA,NA,49
791,20,2016-08-24,2016-08-25,1,NA,NA,49
792,20,2016-08-24,2016-08-25,2,NA,NA,49
793,14,2016-08-31,2016-09-03,1,NA,traps baited 1 hour earlier (1730) on last night,49
794,14,2016-08-31,2016-09-03,2,NA,traps baited 1 hour earlier on last night (1730). C. scutulatus 9/2/16 0850. DOR MP58.2,49
795,15,2017-06-07,2017-06-08,1,NA,NA,49
796,15,2017-06-07,2017-06-08,2,NA,NA,49
797,4,2017-07-06,2017-07-07,1,NA,NA,49
798,4,2017-07-06,2017-07-07,2,NA,NA,49
799,6,2017-07-12,2017-07-13,1,NA,NA,49
800,6,2017-07-12,2017-07-13,2,NA,NA,49
801,14,2017-07-15,2017-07-17,1,NA,Skipped 7/16/2017,49
802,14,2017-07-15,2017-07-16,2,NA,NA,49
803,1,2017-07-26,2017-07-27,1,NA,NA,49
804,1,2017-07-26,2017-07-27,2,NA,NA,49
805,10,2017-08-16,2017-08-17,1,NA,NA,49
806,10,2017-08-16,2017-08-17,2,NA,NA,49
807,63,2017-08-25,2017-08-26,1,NA,NA,49
808,63,2017-08-25,2017-08-26,2,NA,NA,49
809,20,2015-07-07,2015-07-08,1,NA,NA,49
810,20,2015-07-07,2015-07-08,2,NA,NA,49
812,2,2018-06-29,2018-06-30,1,NA,NA,49
813,2,2018-06-29,2018-06-30,2,NA,NA,49
814,20,2018-07-13,2018-07-14,1,NA,NA,49
815,20,2018-07-13,2018-07-14,2,NA,NA,49
816,14,2018-07-17,2018-07-18,1,NA,NA,49
817,14,2018-07-17,2018-07-18,2,NA,NA,49
818,13,2018-07-19,2018-07-20,1,NA,NA,49
819,13,2018-07-19,2018-07-20,2,NA,NA,49
820,19,2018-07-28,2018-07-29,1,NA,NA,49
821,19,2018-07-28,2018-07-29,2,NA,NA,49
822,7,2018-07-31,2018-08-01,1,NA,C. scutulatus adult in hole near parking area,49
823,7,2018-07-31,2018-08-01,2,NA,NA,49
824,11,2018-08-08,2018-08-09,1,NA,NA,49
825,6,2018-08-15,2018-08-16,1,NA,NA,49
826,6,2018-08-15,2018-08-16,2,NA,NA,49
827,4,2018-08-28,2018-08-29,1,NA,NA,49
828,4,2018-08-28,2018-08-29,2,NA,NA,49
829,10,2018-08-23,2018-08-24,1,NA,NA,49
830,10,2018-08-23,2018-08-24,2,NA,NA,49
831,16,2018-09-06,2018-09-07,1,NA,NA,49
832,16,2018-09-06,2018-09-07,2,NA,NA,49
833,8,2018-09-18,2018-09-19,1,NA,NA,49
836,40,2011-09-21,2011-09-22,2,NA,NA,49
837,14,2019-06-20,2019-06-22,1,NA,Skipped 21 June; Sprung Traps 6/20: G1,49
838,14,2019-06-20,2019-06-22,2,NA,"Skipped 6/21, 6/20: S. magister(G6),",49
839,6,2019-07-03,2019-07-04,1,NA,NA,49
840,6,2019-07-03,2019-07-04,2,NA,"atrox, 7-2, 1900 between b6,b7 22ACP",49
841,4,2019-07-16,2019-07-17,1,NA,Traps sprung: 7/17 E2,49
842,4,2019-07-16,2019-07-17,2,NA,"Traps sprung: 7-16 (F4); C2 Neotoma tail only. atrox DOR SPB Dr. mile 1.0, 0750 7-17-2019",49
844,1,2019-07-28,2019-07-29,1,NA,"Traps sprung: 7-28 C7, 7-29 D6. 7-28 flagellum LOR pink 0815 3.2mi E of QBQuito",49
845,1,2019-07-28,2019-07-29,2,NA,Traps sprung: 7-28 C4.,49
847,18,2019-08-09,2019-08-10,1,NA,NA,49
848,18,2019-08-09,2019-08-10,2,NA,"Traps sprung: 8-9 (B4), 8-10 (B5)",49
849,15,2019-08-12,2019-08-14,1,NA,"Nt2 sprung A6; cameras A7 36637, A1 36646, B1 47886, D1 48172, F1 47172, F1 47872, G3 36644",49
850,15,2019-08-12,2019-08-14,2,NA,"cameras at E5 47888, F7 36636, G7 47841, G6 48142, G5 47889, G4 36634",49
851,10,2019-08-20,2019-08-21,1,NA,"Traps sprung: 8/20 G1,A2,B1, and No trap at F2. 8/21 E3,G1,G4,G7,F5, A2,C2,D3,D4",49
852,10,2019-08-20,2019-08-21,2,NA,"Traps sprung: 8/20- B7,F7. 8/21-B5,C7,C6,C4,D4,F2,F7. 8/21- A7 neck caught, died; F6 escaped",49
853,17,2019-08-23,2019-08-24,1,NA,NA,49
854,17,2019-08-23,2019-08-24,2,NA,NA,49
855,4,2020-06-30,2020-07-01,1,NA,NA,49
856,4,2020-06-30,2020-07-01,2,NA,NA,49
857,16,2020-07-02,2020-07-03,1,NA,Desert Cottontail captured in E2 on night 1,49
858,16,2020-07-02,2020-07-03,2,NA,Trap B7 not set 2nd night,49
859,20,2020-07-15,2020-07-16,1,NA,NA,49
860,20,2020-07-15,2020-07-16,2,NA,NA,49
861,6,2020-07-29,2020-07-30,1,NA,Traps set 7/28/2020,49
863,6,2020-07-29,2020-07-30,2,NA,NA,49
864,13,2020-08-12,2020-08-13,1,NA,RTGS in trap A2 on capture night 1,49
865,13,2020-08-12,2020-08-13,2,NA,NA,49
866,1,2020-08-20,2020-08-21,1,NA,NA,49
867,1,2020-08-20,2020-08-21,2,NA,NA,49
868,14,2020-05-12,2020-05-14,1,NA,"D5, D6, D7 possibly not baited",49
869,14,2020-05-12,2020-05-14,2,NA,"Found dead DIME, Feale, adult, 25gm, found dead near D2",49
870,1,2021-08-05,2021-08-06,1,NA,NA,49
871,4,2021-07-08,2021-07-09,1,NA,NA,49
872,4,2021-07-08,2021-07-09,2,NA,NA,49
873,13,2021-07-13,2021-07-15,1,"7/13/2021: Ta 30.2, rH 46.8, cloud cover - 90% @ 7:10",NA,49
874,13,2021-07-13,2021-07-15,2,NA,NA,49
875,16,2021-07-20,2021-07-21,2,NA,NA,49
876,16,2021-07-20,2021-07-21,1,NA,NA,49
877,14,2021-07-22,2021-07-23,2,NA,NA,49
879,14,2021-07-22,2021-07-23,1,NA,NA,49
880,6,2021-07-29,2021-07-30,1,NA,NA,49
881,6,2021-07-29,2021-07-30,2,NA,NA,49
882,1,2021-08-05,2021-08-06,2,NA,NA,49
883,10,2021-09-09,2021-09-10,2,NA,NA,49
884,10,2021-09-09,2021-09-10,1,NA,NA,49
885,4,2022-07-27,2022-07-28,1,NA,NA,49
886,4,2022-07-27,2022-07-28,2,NA,NA,49
887,14,2022-07-19,2022-07-20,1,NA,NA,49
888,14,2022-07-19,2022-07-20,2,NA,NA,49
889,13,2022-07-13,2022-07-14,1,NA,Only 1 capture,49
890,13,2022-07-13,2022-07-14,2,NA,NA,49
891,6,2022-07-29,2022-07-30,1,NA,NA,49
892,6,2022-07-29,2022-07-30,2,NA,NA,49
893,10,2022-08-04,2022-08-05,2,NA,NA,49
894,10,2022-08-04,2022-08-05,1,NA,NA,49
895,15,2023-09-14,2023-09-15,1,NA,NA,49
896,14,2023-09-14,2023-09-15,2,NA,NA,49
