year,species,abundance,effort,abund_per_trapnight
1979,BA,0,147,0
1979,DM,50,147,0.3401360544217687
1979,DO,8,147,0.05442176870748299
1979,DS,37,147,0.25170068027210885
1979,OL,12,147,0.08163265306122448
1979,OT,23,147,0.1564625850340136
1979,PB,0,147,0
1979,PE,2,147,0.013605442176870748
1979,PF,2,147,0.013605442176870748
1979,PH,0,147,0
1979,PI,0,147,0
1979,PL,0,147,0
1979,PM,1,147,0.006802721088435374
1979,PP,4,147,0.027210884353741496
1979,RF,0,147,0
1979,RM,3,147,0.02040816326530612
1979,RO,0,147,0
1979,SF,0,147,0
1979,SH,0,147,0
1979,SO,0,147,0
1979,NA,10,147,0.06802721088435375
1980,BA,0,588,0
1980,DM,215,588,0.3656462585034014
1980,DO,48,588,0.08163265306122448
1980,DS,245,588,0.4166666666666667
1980,OL,57,588,0.09693877551020408
1980,OT,36,588,0.061224489795918366
1980,PB,0,588,0
1980,PE,3,588,0.00510204081632653
1980,PF,40,588,0.06802721088435375
1980,PH,0,588,0
1980,PI,0,588,0
1980,PL,0,588,0
1980,PM,0,588,0
1980,PP,14,588,0.023809523809523808
1980,RF,0,588,0
1980,RM,7,588,0.011904761904761904
1980,RO,0,588,0
1980,SF,0,588,0
1980,SH,0,588,0
1980,SO,0,588,0
1980,NA,37,588,0.06292517006802721
1981,BA,0,490,0
1981,DM,239,490,0.48775510204081635
1981,DO,55,490,0.11224489795918367
1981,DS,203,490,0.4142857142857143
1981,OL,24,490,0.04897959183673469
1981,OT,32,490,0.0653061224489796
1981,PB,0,490,0
1981,PE,13,490,0.026530612244897958
1981,PF,21,490,0.04285714285714286
1981,PH,0,490,0
1981,PI,0,490,0
1981,PL,0,490,0
1981,PM,1,490,0.0020408163265306124
1981,PP,16,490,0.0326530612244898
1981,RF,0,490,0
1981,RM,3,490,0.006122448979591836
1981,RO,0,490,0
1981,SF,0,490,0
1981,SH,0,490,0
1981,SO,0,490,0
1981,NA,35,490,0.07142857142857142
1982,BA,0,539,0
1982,DM,410,539,0.7606679035250464
1982,DO,84,539,0.15584415584415584
1982,DS,298,539,0.5528756957328386
1982,OL,47,539,0.08719851576994433
1982,OT,54,539,0.10018552875695733
1982,PB,0,539,0
1982,PE,39,539,0.07235621521335807
1982,PF,52,539,0.09647495361781076
1982,PH,0,539,0
1982,PI,0,539,0
1982,PL,0,539,0
1982,PM,12,539,0.022263450834879406
1982,PP,23,539,0.04267161410018553
1982,RF,0,539,0
1982,RM,52,539,0.09647495361781076
1982,RO,0,539,0
1982,SF,0,539,0
1982,SH,2,539,0.0037105751391465678
1982,SO,0,539,0
1982,NA,67,539,0.12430426716141002
1983,BA,0,588,0
1983,DM,432,588,0.7346938775510204
1983,DO,155,588,0.26360544217687076
1983,DS,270,588,0.45918367346938777
1983,OL,43,588,0.07312925170068027
1983,OT,63,588,0.10714285714285714
1983,PB,0,588,0
1983,PE,14,588,0.023809523809523808
1983,PF,58,588,0.09863945578231292
1983,PH,0,588,0
1983,PI,0,588,0
1983,PL,0,588,0
1983,PM,6,588,0.01020408163265306
1983,PP,25,588,0.04251700680272109
1983,RF,0,588,0
1983,RM,41,588,0.06972789115646258
1983,RO,0,588,0
1983,SF,0,588,0
1983,SH,0,588,0
1983,SO,0,588,0
1983,NA,73,588,0.12414965986394558
1984,BA,0,490,0
1984,DM,265,490,0.5408163265306123
1984,DO,76,490,0.15510204081632653
1984,DS,63,490,0.12857142857142856
1984,OL,37,490,0.07551020408163266
1984,OT,31,490,0.06326530612244897
1984,PB,0,490,0
1984,PE,9,490,0.018367346938775512
1984,PF,1,490,0.0020408163265306124
1984,PH,1,490,0.0020408163265306124
1984,PI,0,490,0
1984,PL,0,490,0
1984,PM,4,490,0.00816326530612245
1984,PP,13,490,0.026530612244897958
1984,RF,0,490,0
1984,RM,11,490,0.022448979591836733
1984,RO,0,490,0
1984,SF,0,490,0
1984,SH,0,490,0
1984,SO,0,490,0
1984,NA,36,490,0.07346938775510205
1985,BA,0,539,0
1985,DM,423,539,0.7847866419294991
1985,DO,161,539,0.2987012987012987
1985,DS,83,539,0.15398886827458255
1985,OL,53,539,0.09833024118738404
1985,OT,43,539,0.07977736549165121
1985,PB,0,539,0
1985,PE,26,539,0.04823747680890538
1985,PF,0,539,0
1985,PH,0,539,0
1985,PI,0,539,0
1985,PL,0,539,0
1985,PM,4,539,0.0074211502782931356
1985,PP,11,539,0.02040816326530612
1985,RF,0,539,0
1985,RM,8,539,0.014842300556586271
1985,RO,0,539,0
1985,SF,0,539,0
1985,SH,0,539,0
1985,SO,0,539,0
1985,NA,34,539,0.06307977736549165
1986,BA,0,490,0
1986,DM,340,490,0.6938775510204082
1986,DO,91,490,0.18571428571428572
1986,DS,88,490,0.17959183673469387
1986,OL,37,490,0.07551020408163266
1986,OT,13,490,0.026530612244897958
1986,PB,0,490,0
1986,PE,14,490,0.02857142857142857
1986,PF,0,490,0
1986,PH,0,490,0
1986,PI,0,490,0
1986,PL,0,490,0
1986,PM,13,490,0.026530612244897958
1986,PP,8,490,0.0163265306122449
1986,RF,0,490,0
1986,RM,9,490,0.018367346938775512
1986,RO,0,490,0
1986,SF,0,490,0
1986,SH,0,490,0
1986,SO,0,490,0
1986,NA,50,490,0.10204081632653061
1987,BA,0,539,0
1987,DM,420,539,0.7792207792207793
1987,DO,165,539,0.30612244897959184
1987,DS,104,539,0.19294990723562153
1987,OL,69,539,0.1280148423005566
1987,OT,30,539,0.055658627087198514
1987,PB,0,539,0
1987,PE,81,539,0.150278293135436
1987,PF,2,539,0.0037105751391465678
1987,PH,0,539,0
1987,PI,0,539,0
1987,PL,0,539,0
1987,PM,33,539,0.061224489795918366
1987,PP,16,539,0.029684601113172542
1987,RF,0,539,0
1987,RM,48,539,0.08905380333951762
1987,RO,0,539,0
1987,SF,0,539,0
1987,SH,3,539,0.0055658627087198514
1987,SO,0,539,0
1987,NA,101,539,0.18738404452690166
1988,BA,0,588,0
1988,DM,259,588,0.44047619047619047
1988,DO,101,588,0.1717687074829932
1988,DS,44,588,0.07482993197278912
1988,OL,26,588,0.04421768707482993
1988,OT,33,588,0.05612244897959184
1988,PB,0,588,0
1988,PE,45,588,0.07653061224489796
1988,PF,1,588,0.0017006802721088435
1988,PH,1,588,0.0017006802721088435
1988,PI,0,588,0
1988,PL,0,588,0
1988,PM,1,588,0.0017006802721088435
1988,PP,9,588,0.015306122448979591
1988,RF,2,588,0.003401360544217687
1988,RM,32,588,0.05442176870748299
1988,RO,0,588,0
1988,SF,0,588,0
1988,SH,10,588,0.017006802721088437
1988,SO,0,588,0
1988,NA,38,588,0.06462585034013606
1989,BA,0,588,0
1989,DM,245,588,0.4166666666666667
1989,DO,76,588,0.1292517006802721
1989,DS,33,588,0.05612244897959184
1989,OL,30,588,0.05102040816326531
1989,OT,34,588,0.05782312925170068
1989,PB,0,588,0
1989,PE,46,588,0.0782312925170068
1989,PF,2,588,0.003401360544217687
1989,PH,2,588,0.003401360544217687
1989,PI,0,588,0
1989,PL,0,588,0
1989,PM,2,588,0.003401360544217687
1989,PP,8,588,0.013605442176870748
1989,RF,9,588,0.015306122448979591
1989,RM,76,588,0.1292517006802721
1989,RO,0,588,0
1989,SF,3,588,0.00510204081632653
1989,SH,18,588,0.030612244897959183
1989,SO,0,588,0
1989,NA,29,588,0.04931972789115646
1990,BA,0,637,0
1990,DM,356,637,0.5588697017268446
1990,DO,128,637,0.20094191522762953
1990,DS,17,637,0.026687598116169546
1990,OL,12,637,0.018838304552590265
1990,OT,32,637,0.05023547880690738
1990,PB,0,637,0
1990,PE,6,637,0.009419152276295133
1990,PF,0,637,0
1990,PH,7,637,0.01098901098901099
1990,PI,0,637,0
1990,PL,0,637,0
1990,PM,0,637,0
1990,PP,1,637,0.0015698587127158557
1990,RF,0,637,0
1990,RM,22,637,0.03453689167974882
1990,RO,0,637,0
1990,SF,11,637,0.01726844583987441
1990,SH,1,637,0.0015698587127158557
1990,SO,0,637,0
1990,NA,18,637,0.0282574568288854
1991,BA,1,588,0.0017006802721088435
1991,DM,306,588,0.5204081632653061
1991,DO,71,588,0.12074829931972789
1991,DS,11,588,0.01870748299319728
1991,OL,19,588,0.03231292517006803
1991,OT,53,588,0.09013605442176871
1991,PB,0,588,0
1991,PE,10,588,0.017006802721088437
1991,PF,9,588,0.015306122448979591
1991,PH,0,588,0
1991,PI,0,588,0
1991,PL,0,588,0
1991,PM,0,588,0
1991,PP,19,588,0.03231292517006803
1991,RF,0,588,0
1991,RM,38,588,0.06462585034013606
1991,RO,0,588,0
1991,SF,1,588,0.0017006802721088435
1991,SH,0,588,0
1991,SO,1,588,0.0017006802721088435
1991,NA,16,588,0.027210884353741496
1992,BA,0,588,0
1992,DM,239,588,0.4064625850340136
1992,DO,56,588,0.09523809523809523
1992,DS,18,588,0.030612244897959183
1992,OL,18,588,0.030612244897959183
1992,OT,23,588,0.0391156462585034
1992,PB,0,588,0
1992,PE,17,588,0.02891156462585034
1992,PF,11,588,0.01870748299319728
1992,PH,0,588,0
1992,PI,0,588,0
1992,PL,0,588,0
1992,PM,0,588,0
1992,PP,38,588,0.06462585034013606
1992,RF,0,588,0
1992,RM,24,588,0.04081632653061224
1992,RO,0,588,0
1992,SF,0,588,0
1992,SH,0,588,0
1992,SO,4,588,0.006802721088435374
1992,NA,9,588,0.015306122448979591
1993,BA,0,588,0
1993,DM,194,588,0.3299319727891156
1993,DO,19,588,0.03231292517006803
1993,DS,18,588,0.030612244897959183
1993,OL,11,588,0.01870748299319728
1993,OT,8,588,0.013605442176870748
1993,PB,0,588,0
1993,PE,3,588,0.00510204081632653
1993,PF,18,588,0.030612244897959183
1993,PH,0,588,0
1993,PI,0,588,0
1993,PL,0,588,0
1993,PM,0,588,0
1993,PP,20,588,0.034013605442176874
1993,RF,0,588,0
1993,RM,10,588,0.017006802721088437
1993,RO,0,588,0
1993,SF,0,588,0
1993,SH,0,588,0
1993,SO,2,588,0.003401360544217687
1993,NA,10,588,0.017006802721088437
1994,BA,0,588,0
1994,DM,229,588,0.38945578231292516
1994,DO,24,588,0.04081632653061224
1994,DS,9,588,0.015306122448979591
1994,OL,5,588,0.008503401360544218
1994,OT,9,588,0.015306122448979591
1994,PB,0,588,0
1994,PE,0,588,0
1994,PF,9,588,0.015306122448979591
1994,PH,0,588,0
1994,PI,0,588,0
1994,PL,0,588,0
1994,PM,0,588,0
1994,PP,10,588,0.017006802721088437
1994,RF,0,588,0
1994,RM,2,588,0.003401360544217687
1994,RO,0,588,0
1994,SF,0,588,0
1994,SH,0,588,0
1994,SO,0,588,0
1994,NA,4,588,0.006802721088435374
1995,BA,0,637,0
1995,DM,338,637,0.5306122448979592
1995,DO,27,637,0.0423861852433281
1995,DS,0,637,0
1995,OL,10,637,0.015698587127158554
1995,OT,17,637,0.026687598116169546
1995,PB,0,637,0
1995,PE,0,637,0
1995,PF,49,637,0.07692307692307693
1995,PH,0,637,0
1995,PI,1,637,0.0015698587127158557
1995,PL,0,637,0
1995,PM,1,637,0.0015698587127158557
1995,PP,95,637,0.14913657770800628
1995,RF,0,637,0
1995,RM,6,637,0.009419152276295133
1995,RO,0,637,0
1995,SF,0,637,0
1995,SH,0,637,0
1995,SO,0,637,0
1995,NA,7,637,0.01098901098901099
1996,BA,0,588,0
1996,DM,373,588,0.6343537414965986
1996,DO,75,588,0.12755102040816327
1996,DS,0,588,0
1996,OL,4,588,0.006802721088435374
1996,OT,38,588,0.06462585034013606
1996,PB,18,588,0.030612244897959183
1996,PE,19,588,0.03231292517006803
1996,PF,92,588,0.1564625850340136
1996,PH,0,588,0
1996,PI,0,588,0
1996,PL,0,588,0
1996,PM,13,588,0.022108843537414966
1996,PP,75,588,0.12755102040816327
1996,RF,0,588,0
1996,RM,19,588,0.03231292517006803
1996,RO,0,588,0
1996,SF,0,588,0
1996,SH,0,588,0
1996,SO,0,588,0
1996,NA,7,588,0.011904761904761904
1997,BA,0,539,0
1997,DM,486,539,0.9016697588126159
1997,DO,115,539,0.21335807050092764
1997,DS,6,539,0.011131725417439703
1997,OL,2,539,0.0037105751391465678
1997,OT,135,539,0.2504638218923933
1997,PB,62,539,0.1150278293135436
1997,PE,8,539,0.014842300556586271
1997,PF,52,539,0.09647495361781076
1997,PH,0,539,0
1997,PI,0,539,0
1997,PL,1,539,0.0018552875695732839
1997,PM,45,539,0.08348794063079777
1997,PP,108,539,0.20037105751391465
1997,RF,0,539,0
1997,RM,32,539,0.059369202226345084
1997,RO,0,539,0
1997,SF,0,539,0
1997,SH,2,539,0.0037105751391465678
1997,SO,2,539,0.0037105751391465678
1997,NA,31,539,0.0575139146567718
1998,BA,0,539,0
1998,DM,398,539,0.738404452690167
1998,DO,70,539,0.12987012987012986
1998,DS,8,539,0.014842300556586271
1998,OL,0,539,0
1998,OT,82,539,0.15213358070500926
1998,PB,57,539,0.10575139146567718
1998,PE,2,539,0.0037105751391465678
1998,PF,2,539,0.0037105751391465678
1998,PH,0,539,0
1998,PI,0,539,0
1998,PL,0,539,0
1998,PM,5,539,0.00927643784786642
1998,PP,82,539,0.15213358070500926
1998,RF,0,539,0
1998,RM,0,539,0
1998,RO,0,539,0
1998,SF,0,539,0
1998,SH,0,539,0
1998,SO,0,539,0
1998,NA,21,539,0.03896103896103896
1999,BA,0,441,0
1999,DM,195,441,0.4421768707482993
1999,DO,55,441,0.12471655328798185
1999,DS,6,441,0.013605442176870748
1999,OL,0,441,0
1999,OT,38,441,0.08616780045351474
1999,PB,48,441,0.10884353741496598
1999,PE,1,441,0.0022675736961451248
1999,PF,0,441,0
1999,PH,0,441,0
1999,PI,0,441,0
1999,PL,0,441,0
1999,PM,4,441,0.009070294784580499
1999,PP,74,441,0.16780045351473924
1999,RF,0,441,0
1999,RM,3,441,0.006802721088435374
1999,RO,0,441,0
1999,SF,0,441,0
1999,SH,1,441,0.0022675736961451248
1999,SO,0,441,0
1999,NA,15,441,0.034013605442176874
2000,BA,0,441,0
2000,DM,146,441,0.3310657596371882
2000,DO,57,441,0.1292517006802721
2000,DS,0,441,0
2000,OL,0,441,0
2000,OT,66,441,0.14965986394557823
2000,PB,172,441,0.3900226757369615
2000,PE,1,441,0.0022675736961451248
2000,PF,0,441,0
2000,PH,0,441,0
2000,PI,0,441,0
2000,PL,0,441,0
2000,PM,0,441,0
2000,PP,133,441,0.30158730158730157
2000,RF,0,441,0
2000,RM,1,441,0.0022675736961451248
2000,RO,0,441,0
2000,SF,0,441,0
2000,SH,4,441,0.009070294784580499
2000,SO,0,441,0
2000,NA,16,441,0.036281179138321996
2001,BA,0,343,0
2001,DM,173,343,0.5043731778425656
2001,DO,43,343,0.12536443148688048
2001,DS,0,343,0
2001,OL,0,343,0
2001,OT,64,343,0.18658892128279883
2001,PB,105,343,0.30612244897959184
2001,PE,7,343,0.02040816326530612
2001,PF,12,343,0.03498542274052478
2001,PH,0,343,0
2001,PI,0,343,0
2001,PL,0,343,0
2001,PM,2,343,0.0058309037900874635
2001,PP,100,343,0.2915451895043732
2001,RF,0,343,0
2001,RM,0,343,0
2001,RO,0,343,0
2001,SF,0,343,0
2001,SH,3,343,0.008746355685131196
2001,SO,0,343,0
2001,NA,15,343,0.043731778425655975
2002,BA,0,539,0
2002,DM,210,539,0.38961038961038963
2002,DO,148,539,0.274582560296846
2002,DS,0,539,0
2002,OL,4,539,0.0074211502782931356
2002,OT,42,539,0.07792207792207792
2002,PB,232,539,0.43042671614100186
2002,PE,16,539,0.029684601113172542
2002,PF,9,539,0.016697588126159554
2002,PH,0,539,0
2002,PI,4,539,0.0074211502782931356
2002,PL,0,539,0
2002,PM,0,539,0
2002,PP,171,539,0.3172541743970315
2002,RF,0,539,0
2002,RM,1,539,0.0018552875695732839
2002,RO,1,539,0.0018552875695732839
2002,SF,4,539,0.0074211502782931356
2002,SH,3,539,0.0055658627087198514
2002,SO,0,539,0
2002,NA,24,539,0.04452690166975881
2003,BA,0,588,0
2003,DM,245,588,0.4166666666666667
2003,DO,169,588,0.28741496598639454
2003,DS,1,588,0.0017006802721088435
2003,OL,16,588,0.027210884353741496
2003,OT,135,588,0.22959183673469388
2003,PB,311,588,0.5289115646258503
2003,PE,37,588,0.06292517006802721
2003,PF,20,588,0.034013605442176874
2003,PH,0,588,0
2003,PI,12,588,0.02040816326530612
2003,PL,0,588,0
2003,PM,0,588,0
2003,PP,231,588,0.39285714285714285
2003,RF,0,588,0
2003,RM,6,588,0.01020408163265306
2003,RO,0,588,0
2003,SF,16,588,0.027210884353741496
2003,SH,4,588,0.006802721088435374
2003,SO,0,588,0
2003,NA,21,588,0.03571428571428571
2004,BA,0,392,0
2004,DM,108,392,0.2755102040816326
2004,DO,60,392,0.15306122448979592
2004,DS,0,392,0
2004,OL,2,392,0.00510204081632653
2004,OT,29,392,0.07397959183673469
2004,PB,98,392,0.25
2004,PE,6,392,0.015306122448979591
2004,PF,0,392,0
2004,PH,0,392,0
2004,PI,3,392,0.007653061224489796
2004,PL,0,392,0
2004,PM,0,392,0
2004,PP,106,392,0.27040816326530615
2004,RF,0,392,0
2004,RM,0,392,0
2004,RO,0,392,0
2004,SF,0,392,0
2004,SH,0,392,0
2004,SO,0,392,0
2004,NA,6,392,0.015306122448979591
2005,BA,0,441,0
2005,DM,133,441,0.30158730158730157
2005,DO,123,441,0.2789115646258503
2005,DS,0,441,0
2005,OL,5,441,0.011337868480725623
2005,OT,65,441,0.1473922902494331
2005,PB,222,441,0.5034013605442177
2005,PE,9,441,0.02040816326530612
2005,PF,5,441,0.011337868480725623
2005,PH,0,441,0
2005,PI,33,441,0.07482993197278912
2005,PL,0,441,0
2005,PM,1,441,0.0022675736961451248
2005,PP,329,441,0.746031746031746
2005,RF,0,441,0
2005,RM,3,441,0.006802721088435374
2005,RO,0,441,0
2005,SF,0,441,0
2005,SH,0,441,0
2005,SO,0,441,0
2005,NA,7,441,0.015873015873015872
2006,BA,0,539,0
2006,DM,187,539,0.3469387755102041
2006,DO,98,539,0.18181818181818182
2006,DS,0,539,0
2006,OL,2,539,0.0037105751391465678
2006,OT,42,539,0.07792207792207792
2006,PB,201,539,0.37291280148423006
2006,PE,17,539,0.03153988868274583
2006,PF,7,539,0.012987012987012988
2006,PH,0,539,0
2006,PI,2,539,0.0037105751391465678
2006,PL,0,539,0
2006,PM,4,539,0.0074211502782931356
2006,PP,441,539,0.8181818181818182
2006,RF,0,539,0
2006,RM,3,539,0.0055658627087198514
2006,RO,1,539,0.0018552875695732839
2006,SF,0,539,0
2006,SH,6,539,0.011131725417439703
2006,SO,0,539,0
2006,NA,8,539,0.014842300556586271
2007,BA,27,490,0.05510204081632653
2007,DM,251,490,0.5122448979591837
2007,DO,221,490,0.45102040816326533
2007,DS,0,490,0
2007,OL,12,490,0.024489795918367346
2007,OT,155,490,0.3163265306122449
2007,PB,587,490,1.1979591836734693
2007,PE,34,490,0.06938775510204082
2007,PF,23,490,0.04693877551020408
2007,PH,0,490,0
2007,PI,0,490,0
2007,PL,12,490,0.024489795918367346
2007,PM,21,490,0.04285714285714286
2007,PP,526,490,1.073469387755102
2007,RF,0,490,0
2007,RM,34,490,0.06938775510204082
2007,RO,0,490,0
2007,SF,37,490,0.07551020408163266
2007,SH,88,490,0.17959183673469387
2007,SO,0,490,0
2007,NA,21,490,0.04285714285714286
2008,BA,16,637,0.02511773940345369
2008,DM,377,637,0.5918367346938775
2008,DO,385,637,0.6043956043956044
2008,DS,29,637,0.04552590266875981
2008,OL,5,637,0.007849293563579277
2008,OT,91,637,0.14285714285714285
2008,PB,263,637,0.41287284144427
2008,PE,11,637,0.01726844583987441
2008,PF,29,637,0.04552590266875981
2008,PH,0,637,0
2008,PI,0,637,0
2008,PL,8,637,0.012558869701726845
2008,PM,23,637,0.03610675039246468
2008,PP,220,637,0.3453689167974882
2008,RF,0,637,0
2008,RM,33,637,0.05180533751962323
2008,RO,0,637,0
2008,SF,34,637,0.05337519623233909
2008,SH,5,637,0.007849293563579277
2008,SO,0,637,0
2008,NA,30,637,0.04709576138147567
2009,BA,8,588,0.013605442176870748
2009,DM,186,588,0.3163265306122449
2009,DO,191,588,0.32482993197278914
2009,DS,16,588,0.027210884353741496
2009,OL,8,588,0.013605442176870748
2009,OT,29,588,0.04931972789115646
2009,PB,77,588,0.13095238095238096
2009,PE,5,588,0.008503401360544218
2009,PF,5,588,0.008503401360544218
2009,PH,0,588,0
2009,PI,0,588,0
2009,PL,0,588,0
2009,PM,0,588,0
2009,PP,148,588,0.25170068027210885
2009,RF,0,588,0
2009,RM,4,588,0.006802721088435374
2009,RO,0,588,0
2009,SF,4,588,0.006802721088435374
2009,SH,0,588,0
2009,SO,0,588,0
2009,NA,23,588,0.0391156462585034
2010,BA,0,392,0
2010,DM,121,392,0.3086734693877551
2010,DO,10,392,0.025510204081632654
2010,DS,2,392,0.00510204081632653
2010,OL,1,392,0.002551020408163265
2010,OT,6,392,0.015306122448979591
2010,PB,11,392,0.02806122448979592
2010,PE,0,392,0
2010,PF,1,392,0.002551020408163265
2010,PH,0,392,0
2010,PI,0,392,0
2010,PL,0,392,0
2010,PM,0,392,0
2010,PP,114,392,0.29081632653061223
2010,RF,0,392,0
2010,RM,0,392,0
2010,RO,0,392,0
2010,SF,0,392,0
2010,SH,0,392,0
2010,SO,0,392,0
2010,NA,2,392,0.00510204081632653
2011,BA,0,490,0
2011,DM,181,490,0.3693877551020408
2011,DO,23,490,0.04693877551020408
2011,DS,0,490,0
2011,OL,2,490,0.004081632653061225
2011,OT,13,490,0.026530612244897958
2011,PB,3,490,0.006122448979591836
2011,PE,1,490,0.0020408163265306124
2011,PF,3,490,0.006122448979591836
2011,PH,0,490,0
2011,PI,0,490,0
2011,PL,0,490,0
2011,PM,0,490,0
2011,PP,371,490,0.7571428571428571
2011,RF,0,490,0
2011,RM,0,490,0
2011,RO,0,490,0
2011,SF,0,490,0
2011,SH,0,490,0
2011,SO,0,490,0
2011,NA,0,490,0
2012,BA,0,539,0
2012,DM,469,539,0.8701298701298701
2012,DO,18,539,0.03339517625231911
2012,DS,0,539,0
2012,OL,31,539,0.0575139146567718
2012,OT,32,539,0.059369202226345084
2012,PB,44,539,0.08163265306122448
2012,PE,34,539,0.06307977736549165
2012,PF,19,539,0.03525046382189239
2012,PH,0,539,0
2012,PI,0,539,0
2012,PL,0,539,0
2012,PM,0,539,0
2012,PP,603,539,1.1187384044526902
2012,RF,0,539,0
2012,RM,3,539,0.0055658627087198514
2012,RO,2,539,0.0037105751391465678
2012,SF,0,539,0
2012,SH,0,539,0
2012,SO,0,539,0
2012,NA,4,539,0.0074211502782931356
2013,BA,2,441,0.0045351473922902496
2013,DM,430,441,0.9750566893424036
2013,DO,31,441,0.07029478458049887
2013,DS,0,441,0
2013,OL,19,441,0.04308390022675737
2013,OT,18,441,0.04081632653061224
2013,PB,34,441,0.07709750566893424
2013,PE,20,441,0.045351473922902494
2013,PF,3,441,0.006802721088435374
2013,PH,0,441,0
2013,PI,0,441,0
2013,PL,0,441,0
2013,PM,0,441,0
2013,PP,275,441,0.6235827664399093
2013,RF,0,441,0
2013,RM,1,441,0.0022675736961451248
2013,RO,1,441,0.0022675736961451248
2013,SF,0,441,0
2013,SH,0,441,0
2013,SO,0,441,0
2013,NA,4,441,0.009070294784580499
2014,BA,5,539,0.00927643784786642
2014,DM,506,539,0.9387755102040817
2014,DO,120,539,0.22263450834879406
2014,DS,0,539,0
2014,OL,21,539,0.03896103896103896
2014,OT,37,539,0.0686456400742115
2014,PB,46,539,0.08534322820037106
2014,PE,32,539,0.059369202226345084
2014,PF,0,539,0
2014,PH,1,539,0.0018552875695732839
2014,PI,0,539,0
2014,PL,0,539,0
2014,PM,0,539,0
2014,PP,598,539,1.1094619666048238
2014,RF,0,539,0
2014,RM,15,539,0.027829313543599257
2014,RO,0,539,0
2014,SF,6,539,0.011131725417439703
2014,SH,1,539,0.0018552875695732839
2014,SO,0,539,0
2014,NA,9,539,0.016697588126159554
2015,BA,80,537.4,0.14886490509862302
2015,DM,468,537.4,0.8708596948269446
2015,DO,162,537.4,0.3014514328247116
2015,DS,0,537.4,0
2015,OL,70,537.4,0.13025679196129514
2015,OT,72,537.4,0.1339784145887607
2015,PB,38,537.4,0.07071082992184592
2015,PE,80,537.4,0.14886490509862302
2015,PF,17,537.4,0.03163379233345739
2015,PH,0,537.4,0
2015,PI,0,537.4,0
2015,PL,0,537.4,0
2015,PM,6,537.4,0.011164867882396725
2015,PP,620,537.4,1.1537030145143283
2015,RF,0,537.4,0
2015,RM,103,537.4,0.19166356531447712
2015,RO,9,537.4,0.016747301823595087
2015,SF,34,537.4,0.06326758466691478
2015,SH,21,537.4,0.03907703758838854
2015,SO,0,537.4,0
2015,NA,7,537.4,0.013025679196129514
2016,BA,3,440.6,0.006808896958692691
2016,DM,358,440.6,0.8125283704039945
2016,DO,119,440.6,0.2700862460281434
2016,DS,6,440.6,0.013617793917385383
2016,OL,12,440.6,0.027235587834770765
2016,OT,16,440.6,0.036314117113027684
2016,PB,1,440.6,0.0022696323195642303
2016,PE,18,440.6,0.04085338175215615
2016,PF,0,440.6,0
2016,PH,0,440.6,0
2016,PI,0,440.6,0
2016,PL,0,440.6,0
2016,PM,0,440.6,0
2016,PP,198,440.6,0.4493871992737176
2016,RF,0,440.6,0
2016,RM,13,440.6,0.029505220154334995
2016,RO,1,440.6,0.0022696323195642303
2016,SF,3,440.6,0.006808896958692691
2016,SH,2,440.6,0.0045392646391284605
2016,SO,0,440.6,0
2016,NA,9,440.6,0.020426690876078075
2017,BA,0,490,0
2017,DM,420,490,0.8571428571428571
2017,DO,102,490,0.20816326530612245
2017,DS,5,490,0.01020408163265306
2017,OL,5,490,0.01020408163265306
2017,OT,72,490,0.1469387755102041
2017,PB,0,490,0
2017,PE,28,490,0.05714285714285714
2017,PF,0,490,0
2017,PH,0,490,0
2017,PI,0,490,0
2017,PL,3,490,0.006122448979591836
2017,PM,3,490,0.006122448979591836
2017,PP,318,490,0.6489795918367347
2017,RF,1,490,0.0020408163265306124
2017,RM,10,490,0.02040816326530612
2017,RO,3,490,0.006122448979591836
2017,SF,0,490,0
2017,SH,8,490,0.0163265306122449
2017,SO,0,490,0
2017,NA,22,490,0.044897959183673466
2018,BA,0,441,0
2018,DM,238,441,0.5396825396825397
2018,DO,11,441,0.024943310657596373
2018,DS,6,441,0.013605442176870748
2018,OL,2,441,0.0045351473922902496
2018,OT,38,441,0.08616780045351474
2018,PB,0,441,0
2018,PE,11,441,0.024943310657596373
2018,PF,0,441,0
2018,PH,0,441,0
2018,PI,0,441,0
2018,PL,0,441,0
2018,PM,0,441,0
2018,PP,186,441,0.4217687074829932
2018,RF,0,441,0
2018,RM,0,441,0
2018,RO,0,441,0
2018,SF,0,441,0
2018,SH,1,441,0.0022675736961451248
2018,SO,0,441,0
2018,NA,5,441,0.011337868480725623
2019,BA,0,539,0
2019,DM,213,539,0.39517625231910947
2019,DO,33,539,0.061224489795918366
2019,DS,0,539,0
2019,OL,0,539,0
2019,OT,39,539,0.07235621521335807
2019,PB,8,539,0.014842300556586271
2019,PE,5,539,0.00927643784786642
2019,PF,0,539,0
2019,PH,0,539,0
2019,PI,0,539,0
2019,PL,0,539,0
2019,PM,0,539,0
2019,PP,183,539,0.3395176252319109
2019,RF,0,539,0
2019,RM,1,539,0.0018552875695732839
2019,RO,0,539,0
2019,SF,0,539,0
2019,SH,0,539,0
2019,SO,0,539,0
2019,NA,3,539,0.0055658627087198514
2020,BA,0,49,0
2020,DM,35,49,0.7142857142857143
2020,DO,5,49,0.10204081632653061
2020,DS,0,49,0
2020,OL,0,49,0
2020,OT,7,49,0.14285714285714285
2020,PB,1,49,0.02040816326530612
2020,PE,2,49,0.04081632653061224
2020,PF,0,49,0
2020,PH,0,49,0
2020,PI,0,49,0
2020,PL,0,49,0
2020,PM,0,49,0
2020,PP,0,49,0
2020,RF,0,49,0
2020,RM,0,49,0
2020,RO,0,49,0
2020,SF,0,49,0
2020,SH,0,49,0
2020,SO,0,49,0
2020,NA,0,49,0
2021,BA,0,196,0
2021,DM,93,196,0.4744897959183674
2021,DO,34,196,0.17346938775510204
2021,DS,0,196,0
2021,OL,0,196,0
2021,OT,2,196,0.01020408163265306
2021,PB,6,196,0.030612244897959183
2021,PE,5,196,0.025510204081632654
2021,PF,0,196,0
2021,PH,0,196,0
2021,PI,0,196,0
2021,PL,0,196,0
2021,PM,0,196,0
2021,PP,194,196,0.9897959183673469
2021,RF,0,196,0
2021,RM,0,196,0
2021,RO,0,196,0
2021,SF,0,196,0
2021,SH,0,196,0
2021,SO,0,196,0
2021,NA,4,196,0.02040816326530612
2022,BA,0,490,0
2022,DM,333,490,0.6795918367346939
2022,DO,89,490,0.1816326530612245
2022,DS,0,490,0
2022,OL,3,490,0.006122448979591836
2022,OT,33,490,0.0673469387755102
2022,PB,46,490,0.09387755102040816
2022,PE,20,490,0.04081632653061224
2022,PF,0,490,0
2022,PH,1,490,0.0020408163265306124
2022,PI,0,490,0
2022,PL,0,490,0
2022,PM,0,490,0
2022,PP,869,490,1.773469387755102
2022,RF,0,490,0
2022,RM,1,490,0.0020408163265306124
2022,RO,0,490,0
2022,SF,0,490,0
2022,SH,1,490,0.0020408163265306124
2022,SO,0,490,0
2022,NA,8,490,0.0163265306122449
2023,BA,0,441,0
2023,DM,460,441,1.0430839002267573
2023,DO,118,441,0.2675736961451247
2023,DS,1,441,0.0022675736961451248
2023,OL,3,441,0.006802721088435374
2023,OT,142,441,0.3219954648526077
2023,PB,61,441,0.1383219954648526
2023,PE,52,441,0.11791383219954649
2023,PF,3,441,0.006802721088435374
2023,PH,0,441,0
2023,PI,0,441,0
2023,PL,0,441,0
2023,PM,7,441,0.015873015873015872
2023,PP,431,441,0.9773242630385488
2023,RF,0,441,0
2023,RM,41,441,0.09297052154195011
2023,RO,4,441,0.009070294784580499
2023,SF,1,441,0.0022675736961451248
2023,SH,13,441,0.02947845804988662
2023,SO,0,441,0
2023,NA,0,441,0
