ID,SiteID,StartDate,EndDate,Quadrat,Personnel,Weather,Notes,NotID,NumTraps,NumSprungTraps,MoonPhaseNumDays,MoonPhasePositionID,MoonPhaseID,CreatedDate
1,1,1991-07-09,1991-07-10,1,,,,1,49,0,NA,NA,NA,2015-04-03
2,1,1991-07-09,1991-07-10,2,,,,1,49,0,NA,NA,NA,2015-04-03
3,10,1991-07-19,1991-07-20,1,,,,1,49,0,NA,NA,NA,2015-04-03
4,10,1991-07-19,1991-07-20,2,,,,1,49,0,NA,NA,NA,2015-04-03
5,6,1991-07-02,1991-07-03,1,,,,1,49,0,NA,NA,NA,2015-04-03
6,6,1991-07-02,1991-07-03,2,,,,1,49,0,NA,NA,NA,2015-04-03
7,14,1991-07-11,1991-07-12,1,,,,1,49,0,NA,NA,NA,2015-04-03
8,14,1991-07-11,1991-07-12,2,,,,1,49,0,NA,NA,NA,2015-04-03
9,16,1991-07-16,1991-07-17,1,,,,1,49,0,NA,NA,NA,2015-04-03
10,16,1991-07-16,1991-07-17,2,,,,1,49,0,NA,NA,NA,2015-04-03
11,13,1991-07-25,1991-07-26,1,,,,1,49,0,NA,NA,NA,2015-04-03
12,13,1991-07-25,1991-07-26,2,,,,1,49,0,NA,NA,NA,2015-04-03
13,4,1991-07-23,1991-07-24,1,,,,1,49,0,NA,NA,NA,2015-04-03
14,4,1991-07-23,1991-07-24,2,,,,1,49,0,NA,NA,NA,2015-04-03
15,1,1992-07-14,1992-07-15,1,,,,1,49,0,NA,NA,NA,2015-04-03
16,1,1992-07-14,1992-07-15,2,,,,1,49,0,NA,NA,NA,2015-04-03
17,10,1992-06-30,1992-07-01,1,,,,1,49,0,NA,NA,NA,2015-04-03
18,10,1992-06-30,1992-07-01,2,,,,1,49,0,NA,NA,NA,2015-04-03
19,6,1992-06-23,1992-06-24,1,,,,1,49,0,NA,NA,NA,2015-04-03
20,6,1992-06-23,1992-06-24,2,,,,1,49,0,NA,NA,NA,2015-04-03
21,14,1992-06-25,1992-06-26,1,,,,1,49,0,NA,NA,NA,2015-04-03
22,14,1992-06-25,1992-06-26,2,,,,1,49,0,NA,NA,NA,2015-04-03
23,16,1992-07-02,1992-07-03,1,,,,1,49,0,NA,NA,NA,2015-04-03
24,16,1992-07-02,1992-07-03,2,,,,1,49,0,NA,NA,NA,2015-04-03
25,13,1992-07-09,1992-07-10,1,,,,1,49,0,NA,NA,NA,2015-04-03
26,13,1992-07-09,1992-07-10,2,,,,1,49,0,NA,NA,NA,2015-04-03
27,4,1992-07-07,1992-07-08,1,,,,1,49,0,NA,NA,NA,2015-04-03
28,4,1992-07-07,1992-07-08,2,,,,1,49,0,NA,NA,NA,2015-04-03
29,1,1993-07-08,1993-07-09,1,,,,1,49,0,NA,NA,NA,2015-04-03
30,1,1993-07-08,1993-07-09,2,,,,1,49,0,NA,NA,NA,2015-04-03
31,10,1993-07-13,1993-07-14,1,,,,1,49,0,NA,NA,NA,2015-04-03
32,10,1993-07-13,1993-07-14,2,,,,1,49,0,NA,NA,NA,2015-04-03
33,15,1993-07-06,1993-07-07,1,,,,1,49,0,NA,NA,NA,2015-04-03
34,15,1993-07-06,1993-07-07,2,,,,1,49,0,NA,NA,NA,2015-04-03
35,15,1993-07-06,1993-07-07,3,,,,1,98,0,NA,NA,NA,2015-04-03
36,8,1993-07-20,1993-07-21,1,,,,1,49,0,NA,NA,NA,2015-04-03
37,6,1993-06-29,1993-06-30,1,,,,1,49,0,NA,NA,NA,2015-04-03
38,6,1993-06-29,1993-06-30,2,,,,1,49,0,NA,NA,NA,2015-04-03
39,14,1993-07-01,1993-07-02,1,,,,1,49,0,NA,NA,NA,2015-04-03
40,14,1993-07-01,1993-07-02,2,,,,1,49,0,NA,NA,NA,2015-04-03
41,14,1993-07-01,1993-07-02,3,,,,1,98,0,NA,NA,NA,2015-04-03
42,16,1993-07-08,1993-07-09,1,,,,1,49,0,NA,NA,NA,2015-04-03
43,16,1993-07-08,1993-07-09,2,,,,1,49,0,NA,NA,NA,2015-04-03
44,17,1993-06-25,1993-06-26,3,,,,1,49,0,NA,NA,NA,2015-04-03
45,17,1993-06-25,1993-06-26,4,,,,1,49,0,NA,NA,NA,2015-04-03
46,17,1993-06-23,1993-06-24,1,,,,1,49,0,NA,NA,NA,2015-04-03
47,17,1993-06-23,1993-06-24,2,,,,1,49,0,NA,NA,NA,2015-04-03
48,13,1993-07-15,1993-07-16,1,,,,1,49,0,NA,NA,NA,2015-04-03
49,13,1993-07-15,1993-07-16,2,,,,1,49,0,NA,NA,NA,2015-04-03
50,13,1993-07-15,1993-07-16,3,,,,1,98,0,NA,NA,NA,2015-04-03
51,18,1993-07-22,1993-07-23,1,,,,1,49,0,NA,NA,NA,2015-04-03
52,18,1993-07-22,1993-07-23,2,,,,1,49,0,NA,NA,NA,2015-04-03
53,7,1993-07-20,1993-07-21,1,,,,1,49,0,NA,NA,NA,2015-04-03
54,7,1993-07-20,1993-07-21,2,,,,1,49,0,NA,NA,NA,2015-04-03
55,4,1993-06-29,1993-06-30,1,,,,1,49,0,NA,NA,NA,2015-04-03
56,4,1993-06-29,1993-06-30,2,,,,1,49,0,NA,NA,NA,2015-04-03
57,1,1994-07-07,1994-07-08,1,,,,1,49,0,NA,NA,NA,2015-04-03
58,1,1994-07-07,1994-07-08,2,,,,1,49,0,NA,NA,NA,2015-04-03
59,10,1994-07-19,1994-07-20,1,,,,1,49,0,NA,NA,NA,2015-04-03
60,10,1994-07-19,1994-07-20,2,,,,1,49,0,NA,NA,NA,2015-04-03
61,15,1994-07-15,1994-07-16,1,,,,1,49,0,NA,NA,NA,2015-04-03
62,15,1994-07-15,1994-07-16,2,,,,1,49,0,NA,NA,NA,2015-04-03
63,8,1994-07-07,1994-07-08,1,,,,1,49,0,NA,NA,NA,2015-04-03
64,6,1994-06-28,1994-06-29,1,,,,1,49,0,NA,NA,NA,2015-04-03
65,6,1994-06-28,1994-06-29,2,,,,1,49,0,NA,NA,NA,2015-04-03
66,14,1994-06-30,1994-07-01,1,,,,1,49,0,NA,NA,NA,2015-04-03
67,14,1994-06-30,1994-07-01,2,,,,1,49,0,NA,NA,NA,2015-04-03
68,16,1994-07-14,1994-07-15,1,,,,1,49,0,NA,NA,NA,2015-04-03
69,16,1994-07-14,1994-07-15,2,,,,1,49,0,NA,NA,NA,2015-04-03
70,17,1994-07-21,1994-07-22,1,,,,1,49,0,NA,NA,NA,2015-04-03
71,17,1994-07-21,1994-07-22,2,,,,1,49,0,NA,NA,NA,2015-04-03
72,3,1994-06-22,1994-06-23,1,,,,1,49,0,NA,NA,NA,2015-04-03
73,3,1994-06-22,1994-06-23,2,,,,1,49,0,NA,NA,NA,2015-04-03
74,13,1994-07-12,1994-07-13,1,,,,1,49,0,NA,NA,NA,2015-04-03
75,13,1994-07-12,1994-07-13,2,,,,1,49,0,NA,NA,NA,2015-04-03
76,18,1994-07-12,1994-07-13,1,,,,1,49,0,NA,NA,NA,2015-04-03
77,18,1994-07-12,1994-07-13,2,,,,1,49,0,NA,NA,NA,2015-04-03
78,7,1994-06-30,1994-07-01,1,,,,1,49,0,NA,NA,NA,2015-04-03
79,7,1994-06-30,1994-07-01,2,,,,1,49,0,NA,NA,NA,2015-04-03
80,4,1994-06-28,1994-06-29,1,,,,1,49,0,NA,NA,NA,2015-04-03
81,4,1994-06-28,1994-06-29,2,,,,1,49,0,NA,NA,NA,2015-04-03
82,1,1995-07-13,1995-07-14,1,,,,1,49,0,NA,NA,NA,2015-04-03
83,1,1995-07-13,1995-07-14,2,,,,1,49,0,NA,NA,NA,2015-04-03
84,10,1995-07-07,1995-07-08,1,,,,1,49,0,NA,NA,NA,2015-04-03
85,10,1995-07-07,1995-07-08,2,,,,1,49,0,NA,NA,NA,2015-04-03
86,15,1995-06-29,1995-06-30,1,,,,1,49,0,NA,NA,NA,2015-04-03
87,15,1995-06-29,1995-06-30,2,,,,1,49,0,NA,NA,NA,2015-04-03
88,8,1995-07-18,1995-07-19,1,,,,1,49,0,NA,NA,NA,2015-04-03
89,5,1995-07-28,1995-07-29,1,,,,1,49,0,NA,NA,NA,2015-04-03
90,5,1995-07-28,1995-07-29,2,,,,1,49,0,NA,NA,NA,2015-04-03
91,6,1995-07-26,1995-07-27,1,,,,1,49,0,NA,NA,NA,2015-04-03
92,6,1995-07-26,1995-07-27,2,,,,1,49,0,NA,NA,NA,2015-04-03
93,11,1995-07-29,1995-07-30,1,,,,1,49,0,NA,NA,NA,2015-04-03
94,14,1995-06-27,1995-06-28,1,,,,1,49,0,NA,NA,NA,2015-04-03
95,14,1995-06-27,1995-06-28,2,,,,1,49,0,NA,NA,NA,2015-04-03
96,16,1995-07-18,1995-07-19,1,,,,1,49,0,NA,NA,NA,2015-04-03
97,16,1995-07-18,1995-07-19,2,,,,1,49,0,NA,NA,NA,2015-04-03
98,17,1995-07-21,1995-07-22,1,,,,1,49,0,NA,NA,NA,2015-04-03
99,17,1995-07-21,1995-07-22,2,,,,1,49,0,NA,NA,NA,2015-04-03
100,3,1995-07-20,1995-07-21,1,,,,1,49,0,NA,NA,NA,2015-04-03
101,3,1995-07-20,1995-07-21,2,,,,1,49,0,NA,NA,NA,2015-04-03
102,20,1995-06-27,1995-06-28,1,,,,1,49,0,NA,NA,NA,2015-04-03
103,20,1995-06-27,1995-06-28,2,,,,1,49,0,NA,NA,NA,2015-04-03
104,13,1995-07-13,1995-07-14,1,,,,1,49,0,NA,NA,NA,2015-04-03
105,13,1995-07-13,1995-07-14,2,,,,1,49,0,NA,NA,NA,2015-04-03
106,18,1995-07-11,1995-07-12,1,,,,1,49,0,NA,NA,NA,2015-04-03
107,18,1995-07-11,1995-07-12,2,,,,1,49,0,NA,NA,NA,2015-04-03
108,7,1995-07-06,1995-07-07,1,,,,1,49,0,NA,NA,NA,2015-04-03
109,7,1995-07-06,1995-07-07,2,,,,1,49,0,NA,NA,NA,2015-04-03
110,4,1995-07-11,1995-07-12,1,,,,1,49,0,NA,NA,NA,2015-04-03
111,4,1995-07-11,1995-07-12,2,,,,1,49,0,NA,NA,NA,2015-04-03
112,19,1995-06-29,1995-06-30,1,,,,1,49,0,NA,NA,NA,2015-04-03
113,19,1995-06-29,1995-06-30,2,,,,1,49,0,NA,NA,NA,2015-04-03
114,2,1995-07-27,1995-07-28,1,,,,1,49,0,NA,NA,NA,2015-04-03
115,2,1995-07-27,1995-07-28,2,,,,1,49,0,NA,NA,NA,2015-04-03
116,1,1996-07-02,1996-07-03,1,,,,1,49,0,NA,NA,NA,2015-04-03
117,1,1996-07-02,1996-07-03,2,,,,1,49,0,NA,NA,NA,2015-04-03
118,10,1996-07-23,1996-07-24,1,,,,1,49,0,NA,NA,NA,2015-04-03
119,10,1996-07-23,1996-07-24,2,,,,1,49,0,NA,NA,NA,2015-04-03
120,15,1996-06-25,1996-06-26,1,,,,1,49,0,NA,NA,NA,2015-04-03
121,15,1996-06-25,1996-06-26,2,,,,1,49,0,NA,NA,NA,2015-04-03
122,8,1996-07-13,1996-07-14,1,,,,1,49,0,NA,NA,NA,2015-04-03
123,5,1996-07-16,1996-07-17,1,,,,1,49,0,NA,NA,NA,2015-04-03
124,5,1996-07-16,1996-07-17,2,,,,1,49,0,NA,NA,NA,2015-04-03
125,6,1996-06-27,1996-06-28,1,,,,1,49,0,NA,NA,NA,2015-04-03
126,6,1996-06-27,1996-06-28,2,,,,1,49,0,NA,NA,NA,2015-04-03
127,11,1996-07-13,1996-07-14,1,,,,1,49,0,NA,NA,NA,2015-04-03
128,14,1996-07-25,1996-07-26,1,,,,1,49,0,NA,NA,NA,2015-04-03
129,14,1996-07-25,1996-07-26,2,,,,1,49,0,NA,NA,NA,2015-04-03
130,16,1996-07-11,1996-07-12,1,,,,1,49,0,NA,NA,NA,2015-04-03
131,16,1996-07-11,1996-07-12,2,,,,1,49,0,NA,NA,NA,2015-04-03
132,17,1996-07-11,1996-07-12,1,,,,1,49,0,NA,NA,NA,2015-04-03
133,17,1996-07-11,1996-07-12,2,,,,1,49,0,NA,NA,NA,2015-04-03
134,3,1996-08-06,1996-08-07,1,,,,1,49,0,NA,NA,NA,2015-04-03
135,3,1996-08-06,1996-08-07,2,,,,1,49,0,NA,NA,NA,2015-04-03
136,20,1996-07-25,1996-07-26,1,,,,1,49,0,NA,NA,NA,2015-04-03
137,20,1996-07-25,1996-07-26,2,,,,1,49,0,NA,NA,NA,2015-04-03
138,13,1996-07-02,1996-07-03,1,,,,1,49,0,NA,NA,NA,2015-04-03
139,13,1996-07-02,1996-07-03,2,,,,1,49,0,NA,NA,NA,2015-04-03
140,18,1996-07-09,1996-07-10,1,,,,1,49,0,NA,NA,NA,2015-04-03
141,18,1996-07-09,1996-07-10,2,,,,1,49,0,NA,NA,NA,2015-04-03
142,7,1996-07-16,1996-07-17,1,,,,1,49,0,NA,NA,NA,2015-04-03
143,7,1996-07-16,1996-07-17,2,,,,1,49,0,NA,NA,NA,2015-04-03
144,4,1996-07-09,1996-07-10,1,,,,1,49,0,NA,NA,NA,2015-04-03
145,4,1996-07-09,1996-07-10,2,,,,1,49,0,NA,NA,NA,2015-04-03
146,19,1996-06-21,1996-06-22,1,,,,1,49,0,NA,NA,NA,2015-04-03
147,19,1996-06-21,1996-06-22,2,,,,1,49,0,NA,NA,NA,2015-04-03
148,2,1996-07-31,1996-08-01,1,,,,1,49,0,NA,NA,NA,2015-04-03
149,2,1996-07-31,1996-08-01,2,,,,1,49,0,NA,NA,NA,2015-04-03
150,4,1997-06-17,1997-06-20,1,"AP, CC, JP",65 F at 0500,,0,49,0,3,3,3,2015-04-03
151,4,1997-06-17,1997-06-20,2,"JP, CC, AP",,,0,49,0,3,3,3,2015-04-03
152,20,1997-06-24,1997-06-27,1,"JP, CC",weather clear entire trapping period,,0,49,0,3,3,1,2015-04-03
153,20,1997-06-24,1997-06-27,2,"CC, JP",,,0,49,0,3,3,1,2015-04-03
154,19,1997-06-25,1997-06-28,1,"AP, JP, CC",weather clear entire trapping period,6-25: approx 60% traps w/bait cleaned out,0,49,0,4,3,1,2015-04-03
155,19,1997-06-25,1997-06-28,2,"AP, JP, CC",,,0,49,0,4,3,1,2015-04-03
156,14,1997-06-30,1997-07-03,1,"CC, LD",,,0,49,0,6,2,2,2015-04-03
157,14,1997-06-30,1997-07-03,2,"CC, LD",no rain during trapping period,,0,49,0,6,2,2,2015-04-03
159,13,1997-07-08,1997-07-11,1,JP,"nights 1-3 calm, clear warm; night 4 clear & windy 0-15 mph",,0,49,0,1,3,2,2015-04-03
161,13,1997-07-08,1997-07-11,2,JP,"nights 1-3 calm, clear, warm; night 4 clear & windy 0-15 mph",,0,49,0,2,3,2,2015-04-03
162,6,1997-07-08,1997-07-11,1,"CC, TP",,,0,49,0,3,3,2,2015-04-03
163,6,1997-07-08,1997-07-11,2,CC,,,0,49,0,3,3,2,2015-04-03
164,2,1997-07-10,1997-07-11,1,AP,,,0,49,0,4,2,3,2015-04-03
165,2,1997-07-10,1997-07-11,2,AP,,,0,49,0,4,2,3,2015-04-03
167,1,1997-07-15,1997-07-18,1,"JP, TT",all nights calm and clear during trapping session,,0,49,0,2,3,3,2015-04-03
168,1,1997-07-15,1997-07-18,2,JP,all nights clear & calm during trapping session,,0,49,0,2,3,3,2015-04-03
169,17,1997-07-15,1997-07-18,1,"AP, JP",,,0,49,0,2,3,3,2015-04-03
170,17,1997-07-15,1997-07-18,2,"AP, JP",,,0,49,0,2,3,3,2015-04-03
171,16,1997-07-15,1997-07-18,1,CC,,,0,49,0,2,3,3,2015-04-03
172,16,1997-07-15,1997-07-18,2,CC,,,0,49,0,2,3,3,2015-04-03
173,18,1997-07-22,1997-07-23,1,CC,,,0,49,0,1,3,1,2015-04-03
174,18,1997-07-22,1997-07-23,2,CC,,,0,49,0,1,3,1,2015-04-03
175,8,1997-07-23,1997-07-24,1,"AP, CC",,,0,49,0,2,3,1,2015-04-03
176,11,1997-07-24,1997-07-25,1,"AP, CC, NF",,,0,49,0,3,3,1,2015-04-03
177,10,1997-07-29,1997-08-01,1,"AP, TP, LD",,,0,49,0,2,3,5,2015-04-03
178,10,1997-07-29,1997-08-01,2,"AP, TP",,,0,49,0,2,3,5,2015-04-03
179,7,1997-08-01,1997-08-02,1,CC,,,0,49,0,4,3,5,2015-04-03
180,7,1997-08-01,1997-08-02,2,CC,,,0,49,0,4,3,5,2015-04-03
181,20,1998-07-28,1998-07-31,1,"CC, JP",rain at 6 p.m. 7-29; no rain other nights,,0,49,0,6,3,2,2015-04-03
182,20,1998-07-28,1998-07-31,2,"CC, JP",rain on 7-29 at 6 pm,,0,144,0,6,3,2,2015-04-03
183,10,1998-06-29,1998-07-02,1,"JP, AP, NF","clear, calm all 4 nights",,0,144,0,5,3,2,2015-04-03
184,10,1998-06-29,1998-07-02,2,AP,"clear, calm all 4 nights",,0,49,0,5,3,2,2015-04-03
185,17,1998-07-20,1998-07-23,1,"JP, AP","night 1: rain 10pm-2am, night 2: rain/storm 12pm-3am, night 3: calm, ptly cloudy, night 4:calm,clear",,0,144,0,3,2,2,2015-04-03
186,17,1998-07-20,1998-07-23,2,"JP, AP","night1: rain 2200-0200, night2: rain/storm 0000-0300, night 3 calm, ptly cloudy, night4: calm, clear",,0,49,0,3,2,2,2015-04-03
187,14,1998-07-14,1998-07-17,1,"JP, NF","breezy night of 7-14, otherwise clear/calm",,0,144,0,5,3,1,2015-04-03
188,14,1998-07-14,1998-07-17,2,CC,"high winds night 1, otherwise clear/calm",,0,49,0,5,3,1,2015-04-03
189,7,1998-07-14,1998-07-17,1,"AP, LD, NF, DC",,,0,49,0,5,3,1,2015-04-03
190,7,1998-07-14,1998-07-17,2,"AP, LD, NF, DC",,,0,49,0,5,3,1,2015-04-03
191,1,1998-06-16,1998-06-19,1,"AP, CC",,,0,49,0,1,2,4,2015-04-03
349,1,1998-06-16,1998-06-19,2,"AP, CC","night 1: clear, calm",,0,49,0,5,3,1,2015-04-03
350,6,1998-06-17,1998-06-20,1,CC,cool clear mornings; each day hotter,"6-18: B5, F7, G6 sprung",0,49,0,NA,1,4,2015-04-03
351,6,1998-06-17,1998-06-20,2,CC,,,0,49,0,NA,1,4,2015-04-03
352,18,1998-07-31,1998-08-01,1,"AP, NF",,,0,49,0,NA,1,4,2015-04-03
353,18,1998-07-31,1998-08-01,2,"AP, NF",,,0,49,0,NA,1,4,2015-04-03
354,4,1998-07-26,1998-07-27,2,"CC,NF",,many millipedes at trap entrances & in traps (7/27),0,49,0,3,3,2,2015-04-03
355,4,1998-07-26,1998-07-27,1,"CC,NF",,dead javelina at trap location E1,0,49,0,3,3,2,2015-04-03
356,13,1998-07-01,1998-07-02,1,CC,,,0,49,0,NA,1,4,2015-04-03
357,13,1998-07-01,1998-07-02,2,CC,,,0,49,0,NA,1,4,2015-04-03
358,16,1998-06-29,1998-06-30,1,CC,,,0,49,0,2,2,4,2015-04-03
359,16,1998-06-29,1998-06-30,2,CC,,,0,49,0,2,2,4,2015-04-03
360,19,1998-06-26,1998-06-27,1,CC,,,0,49,0,2,3,2,2015-04-03
361,19,1998-06-26,1998-06-27,2,CC,,,0,49,0,2,3,2,2015-04-03
362,2,1998-06-23,1998-06-24,1,CC,,,0,49,0,1,2,2,2015-04-03
363,2,1998-06-23,1998-06-24,2,CC,,,0,49,0,1,2,2,2015-04-03
364,4,1999-07-12,1999-07-13,1,"CC, MH",,,0,49,0,2,2,2,2015-04-03
365,4,1999-07-12,1999-07-13,2,"CC, MH",,,0,49,0,2,2,2,2015-04-03
366,10,1999-07-20,1999-07-23,1,AP,No rain during evenings 7/20-7/23,,0,49,0,NA,1,3,2015-04-03
367,10,1999-07-20,1999-07-23,2,"AP, JP",no rain during trapping period,,0,49,0,NA,1,3,2015-04-03
368,16,1999-07-20,1999-07-21,1,CC,,,0,49,0,NA,1,3,2015-04-03
369,16,1999-07-20,1999-07-21,2,CC,,,0,49,0,NA,1,3,2015-04-03
370,13,1999-07-12,1999-07-13,1,AP,"light rain night of 7-11, rain during day 7-12, light rain in early a.m. 7-13",,0,49,0,1,2,2,2015-04-03
371,13,1999-07-12,1999-07-13,2,AP,light rain & monsoon conditions at various times during trapping session,,0,49,0,1,2,2,2015-04-03
372,6,1999-07-08,1999-07-11,1,"AP, AF","monsoon activity throughout trapping period, rain morning of 7-9-99",,0,49,0,4,2,2,2015-04-03
374,6,1999-07-08,1999-07-11,2,"AP, AF","monsoon activity throughout trapping period, light rain morning of 7-9-99",,0,49,0,5,2,2,2015-04-03
375,7,1999-07-06,1999-07-09,1,"CC, MH",rained out night 2 (7-6/7-7),2nd night of trapping skipped due to rain,0,49,0,NA,1,4,2015-04-03
378,7,1999-07-06,1999-07-09,2,"CC, MH",rained out night of 7-6/7-7,2nd night of trapping skipped due to weather,0,49,0,NA,1,4,2015-04-03
379,1,1999-06-22,1999-06-25,1,"JP, AF",clear & calm evenings all 4 nights,,0,49,0,2,3,5,2015-04-03
381,1,1999-06-22,1999-06-25,2,"JP, AF",clear & calm all 4 nights,,0,49,0,2,3,5,2015-04-03
382,20,1999-06-15,1999-06-18,1,"JP, AP, AF, CC","clear, calm",,0,49,0,2,3,2,2015-04-03
383,20,1999-06-15,1999-06-18,2,"AP, AF","clear, calm",,0,144,0,2,3,2,2015-04-03
384,8,1999-08-11,1999-08-12,1,AP,,no marks given 8-12-99,0,49,0,NA,1,2,2015-04-03
385,17,1999-08-03,1999-08-06,1,"CC, NF, MH",,,0,144,0,3,2,2,2015-04-03
386,17,1999-08-03,1999-08-06,2,"CC, NF, MH",,,0,49,0,3,2,2,2015-04-03
387,14,1999-07-15,1999-07-18,1,"AP, NF, CC",,,0,144,0,2,3,2,2015-04-03
388,14,1999-07-15,1999-07-18,2,"CC, MH",,,0,49,0,2,3,2,2015-04-03
389,19,2000-07-04,2000-07-05,1,"CC, MH",,,0,49,0,3,3,2,2015-04-03
390,8,1998-07-29,1998-07-30,1,AP,,,0,49,0,NA,NA,NA,2015-04-03
391,19,1999-06-15,1999-06-16,1,CC,,,0,49,0,NA,1,2,2015-04-03
392,19,1999-06-15,1999-06-16,2,CC,,,0,49,0,NA,1,2,2015-04-03
393,18,1999-06-21,1999-06-22,1,"CC, MH, AP",,,0,49,0,1,3,5,2015-04-03
394,18,1999-06-21,1999-06-22,2,"CC, MH, AP",,,0,49,0,1,3,5,2015-04-03
395,2,1999-06-24,1999-06-25,1,"CC, AP, MH, NF",,,0,49,0,4,2,1,2015-04-03
396,2,1999-06-24,1999-06-25,2,"CC, AP, MH, NF",,,0,49,0,4,2,1,2015-04-03
397,19,2000-07-04,2000-07-05,2,"CC, MH",,,0,49,0,3,3,2,2015-04-03
398,11,2000-07-04,2000-07-05,1,AP,,,0,49,0,3,3,2,2015-04-03
399,18,2000-07-06,2000-07-07,1,"AP, MH",,,0,49,0,3,2,3,2015-04-03
400,18,2000-07-06,2000-07-07,2,"AP, MH",,,0,49,0,3,2,3,2015-04-03
401,15,2000-07-06,2000-07-07,1,"CC, MH",,,0,49,0,3,2,3,2015-04-03
402,15,2000-07-06,2000-07-07,2,"CC, MH",,,0,49,0,3,2,3,2015-04-03
403,1,2000-07-11,2000-07-12,1,"AP, MH",,,0,49,0,2,3,3,2015-04-03
404,1,2000-07-11,2000-07-12,2,"AP, MH",,,0,49,0,3,3,5,2015-04-03
405,14,2000-07-12,2000-07-13,1,"CC, MH",,,0,49,0,4,2,1,2015-04-03
406,14,2000-07-12,2000-07-13,2,"CC, MH",,,0,49,0,4,2,1,2015-04-03
407,7,2000-07-14,2000-07-15,1,"CC, MH",night 1 overcast,,0,49,0,2,2,1,2015-04-03
408,7,2000-07-14,2000-07-15,2,"CC, MH",,,0,49,0,2,2,1,2015-04-03
409,6,2000-07-14,2000-07-15,1,AP,night 1 overcast,,0,49,0,2,2,1,2015-04-03
410,6,2000-07-14,2000-07-15,2,AP,,,0,49,0,2,2,1,2015-04-03
411,2,2000-07-25,2000-07-26,1,AP,,,0,49,0,1,3,5,2015-04-03
412,2,2000-07-25,2000-07-26,2,AP,,,0,49,0,1,3,5,2015-04-03
413,4,2000-07-26,2000-07-27,1,"CC, MH, AP, NF",,,0,49,0,2,3,5,2015-04-03
414,4,2000-07-26,2000-07-27,2,"CC, MH",,,0,49,0,2,3,5,2015-04-03
416,13,2000-07-27,2000-07-28,1,"AP, CC",,,0,49,0,4,2,2,2015-04-03
417,13,2000-07-27,2000-07-28,2,"AP, CC",,,0,49,0,4,2,2,2015-04-03
418,10,2000-07-29,2000-07-30,1,AP,,,0,49,0,2,2,2,2015-04-03
419,10,2000-07-29,2000-07-30,2,AP,,,0,49,0,2,2,2,2015-04-03
420,17,2000-07-30,2000-07-31,1,"CC, NF",,,0,49,0,1,2,2,2015-04-03
421,17,2000-07-30,2000-07-31,2,"CC, NF",,,0,49,0,1,2,2,2015-04-03
422,16,2000-08-01,2000-08-03,1,"CC, AP","one night skipped, heavy rain (.80"") evening of 8-1-00",,0,49,0,3,3,2,2015-04-03
423,16,2000-08-01,2000-08-03,2,"CC, AP","1 night skipped, heavy rain (.80"") evening of 8-1-00",,0,49,0,3,3,2,2015-04-03
424,8,2000-08-02,2000-08-03,1,AP,,,0,49,0,2,3,2,2015-04-03
425,20,2000-07-18,2000-07-20,1,"CC, AP",,1 night skipped,0,49,0,1,3,1,2015-04-03
426,20,2000-07-18,2000-07-20,2,"CC, AP",1 night skipped,,0,49,0,1,3,1,2015-04-03
427,20,2001-07-03,2001-07-04,1,,,,0,49,0,2,2,1,2015-04-03
428,20,2001-07-03,2001-07-04,2,"CC, AP",,,0,49,0,2,2,1,2015-04-03
429,6,2001-07-11,2001-07-12,1,"AP, II",,,0,49,0,2,2,4,2015-04-03
430,6,2001-07-11,2001-07-12,2,"AP, II",,,0,49,0,2,2,4,2015-04-03
431,7,2001-07-11,2001-07-12,1,"CC, BB, BM",,,0,49,0,2,2,4,2015-04-03
432,7,2001-07-11,2001-07-12,2,"CC, BB, BM",,,0,49,0,2,2,4,2015-04-03
433,19,2001-07-13,2001-07-14,1,CC,,,0,49,0,NA,1,4,2015-04-03
434,19,2001-07-13,2001-07-14,2,CC,,,0,49,0,NA,1,4,2015-04-03
435,2,2001-07-15,2001-07-16,1,CC,,,0,49,0,2,3,4,2015-04-03
436,2,2001-07-15,2001-07-16,2,CC,,,0,49,0,2,3,1,2015-04-03
437,1,2001-07-15,2001-07-16,1,"AP, II",,,0,49,0,5,2,2,2015-04-03
438,1,2001-07-15,2001-07-16,2,"AP, II",,,0,49,0,5,2,2,2015-04-03
439,16,2001-07-18,2001-07-19,1,"CC, WBM",,,0,49,0,2,2,2,2015-04-03
440,16,2001-07-18,2001-07-19,2,"CC, WBM",,,0,49,0,2,2,2,2015-04-03
441,4,2001-07-13,2001-07-14,1,"AP, BB",,,0,49,0,NA,1,4,2015-04-03
442,4,2001-07-13,2001-07-14,2,"AP, BB",,,0,49,0,NA,1,4,2015-04-03
443,15,2001-07-21,2001-07-22,1,CC,,,0,49,0,NA,1,2,2015-04-03
444,15,2001-07-21,2001-07-22,2,CC,,,0,49,0,NA,1,2,2015-04-03
445,11,2001-07-24,2001-07-25,1,CC,,,0,49,0,3,2,4,2015-04-03
446,10,2001-07-20,2001-07-21,1,"AP, WBM, II, BB",,,0,49,0,NA,1,2,2015-04-03
447,10,2001-07-20,2001-07-21,2,"AP, WBM, II, BB",,,0,49,0,NA,1,2,2015-04-03
448,18,2001-07-24,2001-07-25,1,"AP, II, BB",,,0,49,0,3,2,4,2015-04-03
449,18,2001-07-24,2001-07-25,2,"AP, II, BB",,,0,49,0,3,2,4,2015-04-03
450,17,2001-07-31,2001-08-01,1,CC,,,0,49,0,5,2,1,2015-04-03
451,17,2001-07-31,2001-08-01,2,CC,,,0,49,0,5,2,1,2015-04-03
452,13,2001-08-02,2001-08-03,1,"AP, BB, CC",,,0,49,0,2,2,1,2015-04-03
453,13,2001-08-02,2001-08-03,2,"CC, BM, II",,,0,49,0,2,2,1,2015-04-03
454,14,2001-07-01,2001-07-02,1,CC,,,0,49,0,4,2,1,2015-04-03
455,14,2001-07-01,2001-07-02,2,CC,,,0,49,0,4,2,1,2015-04-03
456,8,2001-07-31,2001-08-01,1,AP,,,0,49,0,5,2,1,2015-04-03
457,1,2002-07-03,2002-07-04,1,"CC, BB",,,0,49,0,NA,NA,NA,2015-04-03
458,1,2002-07-03,2002-07-04,2,"CC, BB",,,0,49,0,NA,NA,NA,2015-04-03
459,18,2002-07-03,2002-07-04,1,"AP, EL",,,0,49,0,NA,NA,NA,2015-04-03
460,18,2002-07-03,2002-07-04,2,"AP, EL",,,0,49,0,NA,NA,NA,2015-04-03
461,4,2002-07-06,2002-07-07,1,CC,,,0,49,0,NA,NA,NA,2015-04-03
462,4,2002-07-06,2002-07-07,2,"CC, NF",,,0,49,0,NA,NA,NA,2015-04-03
463,15,2002-07-09,2002-07-10,1,CC,,,0,49,0,NA,NA,NA,2015-04-03
464,15,2002-07-09,2002-07-10,2,CC,,,0,49,0,NA,NA,NA,2015-04-03
465,8,2002-07-09,2002-07-10,1,AP,,,0,49,0,NA,NA,NA,2015-04-03
466,14,2002-07-11,2002-07-12,1,"CC, BB",,,0,49,0,NA,NA,NA,2015-04-03
467,14,2002-07-11,2002-07-12,2,"CC, BB",many traps sprung or laying on side from wind on 7-11-02,,0,49,0,NA,NA,NA,2015-04-03
469,2,2002-07-12,2002-07-13,1,AP,,,0,49,0,NA,NA,NA,2015-04-03
470,2,2002-07-12,2002-07-13,2,AP,,,0,49,0,NA,NA,NA,2015-04-03
471,7,2002-07-15,2002-07-16,1,"CC, BB",,,0,49,0,NA,NA,NA,2015-04-03
472,7,2002-07-15,2002-07-16,2,"CC, BB",,,0,49,0,NA,NA,NA,2015-04-03
473,6,2002-07-15,2002-07-16,1,"AP, EL",,,0,49,0,NA,NA,NA,2015-04-03
474,6,2002-07-15,2002-07-16,2,"AP, EL",,,0,49,0,NA,NA,NA,2015-04-03
475,20,2002-07-17,2002-07-18,1,"CC, BB",,,0,49,0,NA,NA,NA,2015-04-03
476,20,2002-07-17,2002-07-18,2,"CC, BB",,,0,49,0,NA,NA,NA,2015-04-03
478,10,2002-07-17,2002-07-18,1,"AP, EL",,,0,49,0,NA,NA,NA,2015-04-03
479,10,2002-07-17,2002-07-18,2,"AP, EL",,,0,49,0,NA,NA,NA,2015-04-03
480,11,2002-07-20,2002-07-21,1,AP,,,0,49,0,NA,NA,NA,2015-04-03
481,19,2002-07-28,2002-07-29,1,CC,,,0,49,0,NA,NA,NA,2015-04-03
482,19,2002-07-28,2002-07-29,2,CC,,,0,49,0,NA,NA,NA,2015-04-03
483,16,2002-07-24,2002-07-25,1,"AP, EL",monsoon activity & overcact night of 7-23,,0,49,0,NA,NA,NA,2015-04-03
484,16,2002-07-24,2002-07-25,2,"AP, EL",monsoon activity & overcast night of 7-23,,0,49,0,NA,NA,NA,2015-04-03
485,13,2002-07-26,2002-07-27,1,AP,,,0,49,0,NA,NA,NA,2015-04-03
486,13,2002-07-26,2002-07-27,2,AP,,,0,49,0,NA,NA,NA,2015-04-03
487,6,2003-07-23,2003-07-24,1,AP,,,0,49,0,NA,NA,NA,2015-04-03
488,6,2003-07-23,2003-07-24,2,AP,,,0,49,0,NA,NA,NA,2015-04-03
489,6,2004-07-15,2004-07-16,1,AP,,,0,49,0,NA,NA,NA,2015-04-03
490,6,2004-07-15,2004-07-16,2,AP,,,0,49,0,NA,NA,NA,2015-04-03
491,7,2003-07-23,2003-07-24,1,"CC, PH",,,0,49,0,NA,NA,NA,2015-04-03
492,7,2003-07-23,2003-07-24,2,"CC, PH",,,0,49,0,NA,NA,NA,2015-04-03
493,7,2004-07-15,2004-07-16,1,AP,,,0,49,0,NA,NA,NA,2015-04-03
494,7,2004-07-15,2004-07-16,2,CC,,,0,49,0,NA,NA,NA,2015-04-03
495,10,2003-07-30,2003-07-31,1,AP,,,0,49,0,NA,NA,NA,2015-04-03
496,10,2003-07-30,2003-07-31,2,AP,,,0,49,0,NA,NA,NA,2015-04-03
497,10,2004-07-23,2004-07-24,1,AP,,,0,49,0,NA,NA,NA,2015-04-03
498,10,2004-07-23,2004-07-24,2,AP,,,0,49,0,NA,NA,NA,2015-04-03
499,8,2003-08-05,2003-08-06,1,AP,,,0,49,0,NA,NA,NA,2015-04-03
500,8,2004-08-11,2004-08-12,1,AP,,,0,49,0,NA,NA,NA,2015-04-03
502,13,2003-07-10,2003-07-11,1,AP,,,0,49,0,NA,NA,NA,2015-04-03
503,13,2003-07-10,2003-07-11,2,AP,,,0,49,0,NA,NA,NA,2015-04-03
504,19,2003-07-11,2003-07-12,1,CC,,,0,49,0,NA,NA,NA,2015-04-03
505,19,2003-07-11,2003-07-12,2,CC,,,0,49,0,NA,NA,NA,2015-04-03
506,14,2003-07-13,2003-07-14,1,"AP, CC",,,0,49,0,NA,NA,NA,2015-04-03
507,14,2003-07-13,2003-07-14,2,AP,,,0,49,0,NA,NA,NA,2015-04-03
508,1,2003-07-15,2003-07-16,1,CC,,,0,49,0,NA,NA,NA,2015-04-03
509,1,2003-07-15,2003-07-16,2,CC,,,0,49,0,NA,NA,NA,2015-04-03
510,18,2003-07-15,2003-07-16,1,AP,,,0,49,0,NA,NA,NA,2015-04-03
511,18,2003-07-15,2003-07-16,2,AP,,,0,49,0,NA,NA,NA,2015-04-03
512,4,2003-07-19,2003-07-20,1,AP,,,0,49,0,NA,NA,NA,2015-04-03
513,4,2003-07-19,2003-07-20,2,AP,,,0,49,0,NA,NA,NA,2015-04-03
514,20,2003-07-21,2003-07-22,1,CC,,,0,49,0,NA,NA,NA,2015-04-03
515,20,2003-07-21,2003-07-22,2,CC,,,0,49,0,NA,NA,NA,2015-04-03
517,11,2003-07-25,2003-07-26,1,AP,,,0,49,0,NA,NA,NA,2015-04-03
518,17,2003-07-26,2003-07-27,1,CC,,,0,49,0,NA,NA,NA,2015-04-03
519,17,2003-07-26,2003-07-27,2,CC,,,0,49,0,NA,NA,NA,2015-04-03
520,16,2003-07-28,2003-07-29,1,"AP, CC",,,0,49,0,NA,NA,NA,2015-04-03
521,16,2003-07-28,2003-07-29,2,"AP, CC",,,0,49,0,NA,NA,NA,2015-04-03
522,2,2003-08-08,2003-08-09,1,CC,,,0,49,0,NA,NA,NA,2015-04-03
523,2,2003-08-08,2003-08-09,2,CC,,,0,49,0,NA,NA,NA,2015-04-03
524,4,2004-08-03,2004-08-04,1,AP,,,0,49,0,NA,NA,NA,2015-04-03
525,4,2004-08-03,2004-08-04,2,AP,,,0,49,0,NA,NA,NA,2015-04-03
526,11,2004-08-04,2004-08-05,1,"AP, PH",,,0,49,0,NA,NA,NA,2015-04-03
527,13,2004-08-05,2004-08-06,1,CC,,Sight is loaded with ants.,0,49,0,NA,NA,NA,2015-04-03
528,13,2004-08-05,2004-08-06,2,CC,,,0,49,0,NA,NA,NA,2015-04-03
529,17,2004-08-03,2004-08-04,1,CC,,,0,49,0,NA,NA,NA,2015-04-03
530,17,2004-08-03,2004-08-04,2,CC,,,0,49,0,NA,NA,NA,2015-04-03
532,2,2004-07-06,2004-07-07,1,"AP, Shively",,,0,49,0,NA,NA,NA,2015-04-03
533,2,2004-07-06,2004-07-07,2,"AP, Shively",,,0,49,0,NA,NA,NA,2015-04-03
534,15,2004-07-07,2004-07-08,1,CC,,,0,49,0,NA,NA,NA,2015-04-03
535,15,2004-07-07,2004-07-08,2,CC,,"Traps in gully:  A4, A5, B5, B6",0,49,0,NA,NA,NA,2015-04-03
536,1,2004-07-13,2004-07-14,1,CC,,,0,49,0,NA,NA,NA,2015-04-03
537,1,2004-07-13,2004-07-14,2,CC,,,0,49,0,NA,NA,NA,2015-04-03
538,18,2004-07-13,2004-07-14,1,"AP, Shively",,,0,49,0,NA,NA,NA,2015-04-03
539,18,2004-07-13,2004-07-14,2,"AP, Shively",,,0,49,0,NA,NA,NA,2015-04-03
540,19,2004-07-18,2004-07-19,1,CC,,,0,49,0,NA,NA,NA,2015-04-03
541,19,2004-07-18,2004-07-19,2,CC,,,0,49,0,NA,NA,NA,2015-04-03
542,20,2004-07-19,2004-07-20,1,AP,,,0,49,0,NA,NA,NA,2015-04-03
543,20,2004-07-19,2004-07-20,2,AP,,,0,49,0,NA,NA,NA,2015-04-03
544,14,2004-07-28,2004-07-29,1,CC,,,0,49,0,NA,NA,NA,2015-04-03
545,14,2004-07-28,2004-07-29,2,CC,,,0,49,0,NA,NA,NA,2015-04-03
546,16,2004-07-30,2004-07-31,1,CC,,,0,49,0,NA,NA,NA,2015-04-03
547,16,2004-07-30,2004-07-31,2,CC,,,0,49,0,NA,NA,NA,2015-04-03
548,1,2005-06-29,2005-06-30,1,CC,,"6/29: Sprung: B5, E5",0,49,0,NA,NA,NA,2015-04-03
549,1,2005-06-29,2005-06-30,2,CC,,6/30: Sprung: E7,0,49,0,NA,NA,NA,2015-04-03
550,18,2005-06-29,2005-06-30,1,"AP, HINKLE",,Channel at path: Kinosternon 10R11R8L Ad M; Kinosternon unmarked Ad F; +2  swimming/pond/boat launch,0,49,0,NA,NA,NA,2015-04-03
551,18,2005-06-29,2005-06-30,2,"AP, HINKLE",,6/30: Sprung: D7,0,49,0,NA,NA,NA,2015-04-03
552,14,2005-07-01,2005-07-02,1,"AP, HINKLE",,7/1: B7 Sprung; Cottontail in G3,0,49,0,NA,NA,NA,2015-04-03
553,14,2005-07-01,2005-07-02,2,"AP, HINKLE",,7/1: E1 Sprung,0,49,0,NA,NA,NA,2015-04-03
555,15,2005-07-01,2005-07-02,1,CC,"100% Schismus cover; sev well-estab'd UDA trails crossing traps in gullly: B7, C7","7/2 Sprung: G6, G4, G3, F4, D4, A4, B4",0,49,0,NA,NA,NA,2015-04-03
556,15,2005-07-01,2005-07-02,2,CC,NOTES: ATV tracks on south end,"7/2: E3 sprung; traps in gully: A4, A5, B7, B5, B5",0,49,0,NA,NA,NA,2015-04-03
557,7,2005-07-06,2005-07-07,1,"AP, HINKLE",,7/6: C2 sprung,0,49,0,NA,NA,NA,2015-04-03
558,7,2005-07-06,2005-07-07,2,CC,,7/7: A4 sprung,0,49,0,NA,NA,NA,2015-04-03
559,6,2005-07-06,2005-07-07,1,CC,,7/7: A1 sprung,0,49,0,NA,NA,NA,2015-04-03
560,6,2005-07-06,2005-07-07,2,"AP, HINKLE",,"7/6: E2, C7 sprung",0,49,0,NA,NA,NA,2015-04-03
561,4,2005-07-12,2005-07-13,1,CC,,"7/12: D2 sprung      7/13: C7, G2 sprung",0,49,0,NA,NA,NA,2015-04-03
562,4,2005-07-12,2005-07-13,2,"AP, HINKLE",,"7/12: F1, B2 sprung    7/12: Rabbit in B7",0,49,0,NA,NA,NA,2015-04-03
563,2,2005-07-12,2005-07-13,1,"AP, HINKLE",,7/12: A5 sprung,0,49,0,NA,NA,NA,2015-04-03
564,2,2005-07-12,2005-07-13,2,CC,,7/13: B7 sprung,0,49,0,NA,NA,NA,2015-04-03
566,13,2005-07-14,2005-07-15,1,"AP,  HINKLE",,7/14: Whipsnake near E7 even mix pink on black ~3.5 ft,0,49,0,NA,NA,NA,2015-04-03
567,13,2005-07-14,2005-07-15,2,"AP, HINKLE",,7/14: D5 sprung,0,49,0,NA,NA,NA,2015-04-03
568,19,2005-07-19,2005-07-20,1,"CC, AP, HINKLE","High winds last night (monsoon, no rain)","7/19: A2. B2, C3, G7, G2 sprung; 7/20: D1, G3 sprung; many traps on sides",0,49,0,NA,NA,NA,2015-04-03
569,19,2005-07-19,2005-07-20,2,"CC, AP, HINKLE",,"7/19: A7, A3, B6 sprung",0,49,0,NA,NA,NA,2015-04-03
570,11,2005-07-21,2005-07-22,1,"AP, HINKLE",,,0,49,0,NA,NA,NA,2015-04-03
571,20,2005-07-21,2005-07-23,1,CC,No 7/22-rain; lg gap(wash)between 4&5 lines,"7/21: F1,B5 sprung; 7/23: C7 sprung; stout atrox at D2 eve of 7/20/05",0,49,0,NA,NA,NA,2015-04-03
572,20,2005-07-21,2005-07-23,2,CC,Skip 7/22/05 - Rain,,0,49,0,NA,NA,NA,2015-04-03
573,16,2005-07-24,2005-07-25,1,"CC, AP",4/24: Mice are wet: rain last night after midnight,"7/24: C6, D2 sprung. 7/23: Flagellum DOR MP64.2 collected, Pituophis LOR MP57.1",0,49,0,NA,NA,NA,2015-04-03
574,16,2005-07-24,2005-07-25,2,CC,"Very heavy flow in bosque wash from rain 7/21; prior rain 2.3""; 7/24-0.4""; k-rats like drowned rats",7/24: G7 stuck open. 7/25: D5 sprung; 7/24: Flagellum lg pink LOR MP 2.5 toward BW from Hwy 85,0,49,0,NA,NA,NA,2015-04-03
575,17,2005-07-26,2005-07-28,1,"AP, CC",,Not set 7/27 (no help). Dip spectabilis(?) DOR collected 2.4 mi toward BW from CPNWR jct,0,49,0,NA,NA,NA,2015-04-03
576,17,2005-07-26,2005-07-28,2,CC,,Not set 7/27 (no help); 7/26 Peniocereus greggi blooming this morning,0,49,0,NA,NA,NA,2015-04-03
578,10,2005-08-07,2005-08-10,1,"AP, HINKLE",2-night delay-heavy monsoon storms; site very wet on 8/9,"8/10: D6, E3, G5 (NEAL tail) , F7 sprung",0,49,0,NA,NA,NA,2015-04-03
579,10,2005-08-07,2005-08-10,2,"AP, HINKLE",2-night delay-heavy monsoon storms; site very wet on 8/9,8/7: A7-A4-B4-B7-C5-D2-D6-F1-F2-F6-F7-G5 sprung; 8/10: A1 (NEAL tail) B1-C3-E5 sprung,0,49,0,NA,NA,NA,2015-04-03
580,8,2005-08-13,2005-08-14,1,AP,,8/13: B5-B4 sprung; 8/14: B3-E2-E7-F-6 sprung,0,49,0,NA,NA,NA,2015-04-03
584,6,2006-07-08,2006-07-09,1,CC,,,0,49,0,NA,NA,NA,2015-04-03
585,6,2006-07-08,2006-07-09,2,AP,,,0,49,0,NA,NA,NA,2015-04-03
586,7,2006-07-08,2006-07-09,1,AP,,,0,49,0,NA,NA,NA,2015-04-03
587,7,2006-07-08,2006-07-09,2,CC,,,0,49,0,NA,NA,NA,2015-04-03
588,20,2006-06-28,2006-06-29,1,"CC, AP,FALLON",,,0,49,0,NA,NA,NA,2015-04-03
589,20,2006-06-28,2006-06-29,2,"CC, AP,fallon",,,0,49,0,NA,NA,NA,2015-04-03
591,4,2006-07-12,2006-07-13,1,"AP, BZ",,,0,49,0,NA,NA,NA,2015-04-03
592,4,2006-07-12,2006-07-13,2,"AP, BZ",,,0,49,0,NA,NA,NA,2015-04-03
593,1,2006-07-14,2006-07-15,1,"CC, BJ",,,0,49,0,NA,NA,NA,2015-04-03
594,1,2006-07-14,2006-07-15,2,"CC, BJ",,,0,49,0,NA,NA,NA,2015-04-03
595,18,2006-07-14,2006-07-15,1,"AP, EF",,,0,49,0,NA,NA,NA,2015-04-03
596,18,2006-07-14,2006-07-15,2,"AP, EF",,,0,49,0,NA,NA,NA,2015-04-03
597,15,2006-07-19,2006-07-20,1,"CC, BJ",,,0,49,0,NA,NA,NA,2015-04-03
598,15,2006-07-19,2006-07-20,2,"CC, BJ",,,0,49,0,NA,NA,NA,2015-04-03
599,10,2006-07-20,2006-07-21,1,"AP, II, EL",,,0,49,0,NA,NA,NA,2015-04-03
600,10,2006-07-20,2006-07-21,2,"AP, EL, II",,,0,49,0,NA,NA,NA,2015-04-03
601,19,2006-07-21,2006-07-22,1,"CC, BJ, BZ",,,0,49,0,NA,NA,NA,2015-04-03
602,19,2006-07-21,2006-07-22,2,"CC, BJ, BZ",,,0,49,0,NA,NA,NA,2015-04-03
603,2,2006-07-22,2006-07-23,1,"AP, BF",,,0,49,0,NA,NA,NA,2015-04-03
604,2,2006-07-22,2006-07-23,2,"AP, BF",,,0,49,0,NA,NA,NA,2015-04-03
605,14,2006-07-25,2006-07-26,1,"CC, BF",,,0,49,0,NA,NA,NA,2015-04-03
606,14,2006-07-25,2006-07-26,2,"CC, BF",,,0,49,0,NA,NA,NA,2015-04-03
607,11,2006-07-28,2006-07-29,1,"AP, BF",,,0,49,0,NA,NA,NA,2015-04-03
608,8,2006-08-03,2006-08-04,1,AP,,,0,49,0,NA,NA,NA,2015-04-03
609,16,2006-08-02,2006-08-03,1,"CC, BF",,,0,49,0,NA,NA,NA,2015-04-03
610,16,2006-08-02,2006-08-03,2,"CC, BF",,,0,49,0,NA,NA,NA,2015-04-03
611,17,2006-08-09,2006-08-10,1,"CC, AP, BF",,,0,49,0,NA,NA,NA,2015-04-03
612,17,2006-08-09,2006-08-10,2,"CC, AP, BF",,,0,49,0,NA,NA,NA,2015-04-03
613,13,2006-08-22,2006-08-23,1,"CC, BF",,,0,49,0,NA,NA,NA,2015-04-03
614,13,2006-08-22,2006-08-23,2,"CC, BF",,,0,49,0,NA,NA,NA,2015-04-03
616,10,2007-08-08,2007-08-09,1,"AP, CC",,water flowing in canyon; vegetation very lush,0,49,0,4,2,2,2015-04-03
617,10,2007-08-08,2007-08-09,2,"AP, CC",,water flowing in canyon; vegetation very lush,0,49,0,4,2,2,2015-04-03
619,54,2006-07-19,2006-07-20,1,"PH, AP",,,0,49,0,5,2,2,2015-04-03
620,54,2007-08-15,2007-08-16,1,"CC, PH",rain during first trapping night,11 sprung traps night 1; 15 sprung traps night 2,0,49,0,5,2,2,2015-04-03
621,14,2007-08-28,2007-08-29,1,"CC, AP",,lunar eclipse 8-28 @ 0300,0,49,0,NA,1,1,2015-04-03
622,14,2007-08-28,2007-08-29,2,"CC, AP",,lunar eclipse 8-28-07 @0300,0,49,0,NA,1,1,2015-04-03
623,8,2007-08-30,2007-08-31,1,AP,monsoon rain afternoon of 8-30-07,,0,49,0,2,3,1,2015-04-03
624,15,2008-07-02,2008-07-03,1,"CC, PH, AP",,,0,49,0,NA,1,2,2015-04-03
625,15,2008-07-02,2008-07-03,2,"CC, PH, AP",,,0,49,0,NA,1,2,2015-04-03
626,14,2008-07-15,2008-07-16,1,"CC, AP",,,0,49,0,2,2,1,2015-04-03
627,14,2008-07-15,2008-07-16,2,CC,,,0,49,0,2,2,1,2015-04-03
628,54,2008-07-15,2008-07-16,1,"PH, AP",,,0,49,0,3,2,1,2015-04-03
629,20,2008-07-17,2008-07-18,1,"AP, CC",,,0,49,0,1,2,1,2015-04-03
630,20,2008-07-17,2008-07-18,2,"AP, CC",,,0,49,0,1,2,1,2015-04-03
631,10,2008-07-24,2008-07-25,1,AP,,7-24: 2 sprung traps; 7-25: 4 sprung traps,0,49,0,1,2,5,2015-04-03
632,10,2008-07-24,2008-07-25,2,AP,,,0,49,0,1,2,5,2015-04-03
633,19,2008-07-31,2008-08-01,1,"CC, PH, AP",,,0,49,0,1,2,2,2015-04-03
634,19,2008-07-31,2008-08-01,2,"CC, PH, AP",,many tarantula holes,0,49,0,1,2,2,2015-04-03
635,1,2008-08-18,2008-08-19,1,CC,,,0,49,0,2,3,1,2015-04-03
636,1,2008-08-18,2008-08-19,2,AP,,,0,49,0,2,3,1,2015-04-03
637,13,2008-08-18,2008-08-19,1,AP,,1 harris ground squirrel on 8/18,0,49,0,2,3,1,2015-04-03
638,13,2008-08-18,2008-08-19,2,CC,,2 round-tailed ground squirrels on 8-19,0,49,0,2,3,1,2015-04-03
639,15,2009-07-01,2009-07-02,1,"CC, AP",,***18 sprung traps on 7-1,0,49,18,2,3,5,2015-04-03
641,15,2009-07-01,2009-07-02,2,"CC, AP",,7-1: many traps laying on side; 4 traps sprung,0,49,0,2,3,5,2015-04-03
642,19,2009-07-09,2009-07-10,1,"CC, AP",,,0,49,0,2,3,1,2015-04-03
643,19,2009-07-09,2009-07-10,2,"CC, AP",,,0,49,0,2,3,1,2015-04-03
644,14,2009-07-15,2009-07-16,1,"CC, AP, PH",,,0,49,0,NA,1,5,2015-04-03
645,14,2009-07-15,2009-07-16,2,"CC, AP, PH",,,0,49,0,NA,1,5,2015-04-03
646,16,2009-07-22,2009-07-23,1,"CC, PH",,,0,49,0,1,3,2,2015-04-03
647,16,2009-07-22,2009-07-23,2,"CC, PH",,,0,49,0,1,3,2,2015-04-03
648,54,2009-07-23,2009-07-24,1,"AP, PH",,,0,49,0,2,3,2,2015-04-03
649,6,2009-07-29,2009-07-30,1,"CC, PH",,,0,49,0,1,3,3,2015-04-03
650,6,2009-07-29,2009-07-30,2,"AP, ER",,,0,49,0,1,3,5,2015-04-03
651,7,2009-07-29,2009-07-30,1,"AP, PH, ER",,4 round-tailed ground squirrels caught on 7-30,0,49,0,1,3,3,2015-04-03
652,7,2009-07-29,2009-07-30,2,"CC, PH",,,0,49,0,1,3,5,2015-04-03
653,20,2009-07-31,2009-08-01,1,AP,,,0,49,0,3,3,3,2015-04-03
654,20,2009-07-31,2009-08-01,2,AP,,,0,49,0,3,3,3,2015-04-03
655,10,2009-08-07,2009-08-08,1,"AP, SH, ER",,8-7: 5 sprung traps,0,49,0,2,3,1,2015-04-03
656,10,2009-08-07,2009-08-08,2,"AP, SH, ER",,,0,49,0,2,3,1,2015-04-03
657,8,2009-08-12,2009-08-13,1,AP,monsoon storm & rain on night 2,8-12: 8 sprung traps,0,49,0,1,2,5,2015-04-03
658,15,2010-07-07,2010-07-08,1,"CC, AP",,,0,49,0,3,3,4,2015-04-03
659,15,2010-07-07,2010-07-08,2,"CC, AP",,,0,49,0,3,3,4,2015-04-03
660,10,2010-07-23,2010-07-24,1,"AP, MT",,,0,49,0,2,2,1,2015-04-03
661,10,2010-07-23,2010-07-24,2,"AP, MT",,,0,49,0,2,2,1,2015-04-03
662,19,2010-07-20,2010-07-21,1,CC,,,0,49,0,2,3,5,2015-04-03
663,19,2010-07-20,2010-07-21,2,"AP, EK",,,0,49,0,2,3,5,2015-04-03
664,14,2010-07-23,2010-07-24,1,CC,,,0,49,0,2,2,1,2015-04-03
665,14,2010-07-23,2010-07-24,2,CC,,Peniocereus blooming 7-21 to 7-24,0,49,0,2,2,1,2015-04-03
666,16,2010-07-27,2010-07-28,1,"AP, CC",,,0,49,0,2,3,1,2015-04-03
667,16,2010-07-27,2010-07-28,2,"CC, AP",,,0,49,0,2,3,1,2015-04-03
668,54,2010-07-29,2010-07-30,1,"AP, PH, CC",,,0,49,0,4,3,1,2015-04-03
669,20,2010-08-03,2010-08-04,1,"CC, AP",,,0,49,0,1,3,5,2015-04-03
670,20,2010-08-03,2010-08-04,2,"CC, AP",,,0,49,0,1,3,5,2015-04-03
671,17,2010-08-12,2010-08-13,1,"CC, AP",,,0,49,0,3,3,2,2015-04-03
672,17,2010-08-12,2010-08-13,2,"AP, CC",,,0,49,0,3,3,2,2015-04-03
673,8,2010-08-30,2010-08-31,1,AP,,,0,49,0,2,2,5,2015-04-03
674,20,2011-06-28,2011-06-29,1,"AP, CC, KP",,,0,49,0,3,2,2,2015-04-03
675,20,2011-06-28,2011-06-29,2,"CC, KP, AP",,,0,49,0,3,2,2,2015-04-03
676,54,2011-07-06,2011-07-07,1,AP,,,0,49,0,1,2,3,2015-04-03
677,14,2011-07-12,2011-07-13,1,"CC, KP, AP",,,0,49,0,2,2,1,2015-04-03
678,14,2011-07-12,2011-07-13,2,"AP, KP, CC",,trap D1 missing on 7-12-11,0,49,0,2,2,1,2015-04-03
679,15,2011-07-19,2011-07-20,1,"CC, KP",,,0,49,0,3,2,5,2015-04-03
680,15,2011-07-19,2011-07-20,2,"CC, KP",,,0,49,0,3,2,5,2015-04-03
681,19,2011-07-21,2011-07-22,1,"CC, AP, LP, SA",,,0,49,0,4,2,1,2015-04-03
682,19,2011-07-21,2011-07-22,2,"AP, CC, LP, SA",,,0,49,0,4,2,1,2015-04-03
683,8,2011-07-27,2011-07-28,1,AP,,,0,49,0,2,3,1,2015-04-03
684,10,2011-08-02,2011-08-03,1,"AP, EK",,"6 sprung traps on 8/2/11, 7 sprung traps on 8/3/11",0,49,0,NA,1,5,2015-04-03
685,10,2011-08-02,2011-08-03,2,"AP, EK",,"7 sprung traps on 8/2/11, 5 sprung traps on 8/3/11",0,49,0,NA,1,5,2015-04-03
686,4,2011-08-11,2011-08-12,1,"AP, CC",,,0,49,0,2,2,1,2015-04-03
687,4,2011-08-11,2011-08-12,2,"AP, CC",,,0,49,0,2,2,1,2015-04-03
688,16,2011-08-30,2011-08-31,1,"AP, CC",,many rodents with stub tails,0,49,0,2,3,2,2015-04-03
689,16,2011-08-30,2011-08-31,2,"CC, AP",,,0,49,0,2,3,2,2015-04-03
691,55,2011-09-21,2011-09-22,1,"CC, PH",,,0,49,0,1,3,5,2015-04-03
692,1,2012-06-27,2012-06-28,1,"CC, AP",,,0,49,1,NA,1,3,2015-04-03
693,1,2012-06-27,2012-06-28,2,"AP, CC",,,0,49,0,NA,1,3,2015-04-03
694,13,2012-06-27,2012-06-28,1,"AP, CC",,,0,49,1,NA,1,3,2015-04-03
695,13,2012-06-27,2012-06-28,2,"CC, AP",,,0,49,0,NA,1,3,2015-04-03
696,14,2012-07-12,2012-07-14,1,"CC, AP, ML",heavy monsoon rain 7/12 & 7/13,one night skipped due to monsoon weather,0,49,2,1,3,5,2015-04-03
697,14,2012-07-12,2012-07-14,2,"CC, AP, ML",heavy monsoon rain on 7-12 & 7-13,one night skipped due to monsoon weather; 7-12 a.m.: many Peniocereus flowers,0,49,0,1,3,5,2015-04-03
698,20,2012-07-18,2012-07-19,1,"AP, CC",,spotted skunk in D6 (7-18-12),0,49,3,1,2,2,2015-04-03
699,20,2012-07-18,2012-07-19,2,"CC, AP",,,0,49,3,1,2,2,2015-04-03
700,4,2012-07-24,2012-07-25,1,"CC, AP",,,0,49,2,5,3,2,2015-04-03
701,4,2012-07-24,2012-07-25,2,"AP, CC",,,0,49,0,5,3,2,2015-04-03
702,10,2012-07-25,2012-07-26,1,"AP, EK",,4 sprung traps night 1; 5 sprung traps night 2,0,49,9,1,3,3,2015-04-03
703,10,2012-07-25,2012-07-26,2,"AP, EK",,!!! 8 sprung traps night 1; 12 sprung traps night 2,0,49,20,1,3,3,2015-04-03
704,6,2012-07-27,2012-07-28,1,"CC, J Minott",,,0,49,0,4,2,1,2015-04-03
705,6,2012-07-27,2012-07-28,2,AP,,,0,49,0,1,3,3,2015-04-03
706,7,2012-07-27,2012-07-28,1,AP,,* 5 Harris ground squirrel captures on 7-28-12,0,49,3,1,3,3,2015-04-03
707,7,2012-07-27,2012-07-28,2,"CC, J. Minott",,1 Bufo capture on 7-27-12,0,49,2,1,3,3,2015-04-03
708,16,2012-07-31,2012-08-01,1,"AP, CC",,,0,49,1,1,2,1,2015-04-03
709,16,2012-07-31,2012-08-01,2,"CC, AP",,,0,49,0,1,2,1,2015-04-03
710,8,2012-08-05,2012-08-06,1,AP,,,0,49,6,4,3,1,2015-04-03
711,19,2012-08-09,2012-08-10,1,"CC, KQ, AP, ML",,"8-9 3 traps sprung, several laying on side",0,49,3,NA,1,5,2015-04-03
712,19,2012-08-09,2012-08-10,2,"CC, KQ, AP, ML",,,0,49,2,NA,1,5,2015-04-03
713,20,2013-06-28,2013-06-29,1,"AP, CC",,,0,49,1,1,2,4,2015-04-03
714,20,2013-06-28,2013-06-29,2,"CC, AP",,,0,49,0,1,2,4,2015-04-03
715,16,2013-07-09,2013-07-10,1,"AP, CC",,,0,49,3,1,3,2,2015-04-03
716,16,2013-07-09,2013-07-10,2,"CC, AP",,,0,49,0,1,3,2,2015-04-03
717,14,2013-07-11,2013-07-12,2,"CC, AP",,,0,49,1,3,3,2,2015-04-03
719,14,2013-07-11,2013-07-12,1,"AP, CC",,,0,49,2,3,3,2,2015-04-03
720,10,2013-07-16,2013-07-17,1,"AP, EK",,,0,49,5,6,2,1,2015-04-03
721,10,2013-07-16,2013-07-17,2,"AP, EK",,"7-16: 7 sprung traps, 7-17: 5 sprung traps",0,49,12,6,2,1,2015-04-03
722,4,2013-07-18,2013-07-19,1,"CC, AP",,,0,49,0,4,2,1,2015-04-03
723,4,2013-07-18,2013-07-19,2,"CC, AP",,,0,49,0,4,2,1,2015-04-03
724,6,2013-07-23,2013-07-24,1,"CC, Fallon, Althouse",,,0,49,0,1,3,1,2015-04-03
725,6,2013-07-23,2013-07-24,2,AP,,,0,49,2,1,3,1,2015-04-03
726,19,2013-07-25,2013-07-27,1,"CC, JA, KG, AP",,Skipped one night due to rain. Many millipedes.,0,49,1,3,3,1,2015-04-03
727,19,2013-07-25,2013-07-27,2,"CC, JA, KG, AP",,Skipped 1 night due to rain.,0,49,1,3,3,1,2015-04-03
728,13,2013-07-30,2013-07-31,1,"AP, KG",,,0,49,3,NA,1,4,2015-04-03
729,13,2013-07-30,2013-07-31,2,"CC, JA",,many Pinacate beetles 7-31,0,49,3,NA,1,4,2015-04-03
730,1,2013-07-30,2013-07-31,1,"CC, JA",,,0,49,1,NA,1,4,2015-04-03
731,1,2013-07-30,2013-07-31,2,"AP, KG",,,0,49,0,NA,1,4,2015-04-03
733,62,2013-08-01,2013-08-02,2,"AP, PH, EK",,,0,49,4,5,2,2,2015-04-03
734,11,2013-08-01,2013-08-02,1,"AP, PH, EK",,,0,49,2,5,2,2,2015-04-03
735,15,2013-08-04,2013-08-05,1,"CC, KG",,,0,49,1,2,2,2,2015-04-03
736,15,2013-08-04,2013-08-05,2,"CC, KG",,,0,49,2,2,2,2,2015-04-03
737,17,2013-08-06,2013-08-07,1,"AP, CC",light rain overnight (night 1),millipedes,0,49,0,NA,1,2,2015-04-03
738,17,2013-08-06,2013-08-07,2,"AP, CC",light rain overnight (night 1),,0,49,0,NA,NA,NA,2015-04-03
739,8,2013-08-15,2013-08-16,1,AP,,,0,49,3,5,2,1,2015-04-03
740,14,2014-07-09,2014-07-11,1,"CC, AP",,Skipped one night due to rain. 6 traps sprung first night.,0,49,6,3,2,1,2016-01-27
741,14,2014-07-09,2014-07-11,2,"AP, CC",Major storm early a.m. 7-9.,Skipped one night.,0,49,NA,NA,2,1,2016-01-27
742,15,2014-07-16,2014-07-17,1,CC,,,0,49,NA,2,2,4,2016-01-27
743,15,2014-07-16,2014-07-17,2,CC,,,0,49,1,2,2,4,2016-01-27
744,20,2014-07-22,2014-07-23,1,"AP, CC",,,0,49,1,4,2,2,2016-01-27
745,20,2014-07-22,2014-07-23,2,CC,,,0,49,2,4,2,2,2016-01-27
746,4,2014-07-25,2014-07-26,1,CC,,,0,49,1,NA,1,2,2016-01-27
747,4,2014-07-25,2014-07-26,2,AP,,,0,49,3,NA,1,2,2016-01-27
748,13,2014-07-30,2014-07-31,1,"AP, SD",,,0,49,1,4,3,2,2016-01-27
749,13,2014-07-30,2014-07-31,2,"CC, EK",,,0,49,2,4,3,2,2016-01-27
750,1,2014-07-30,2014-07-31,1,"CC,EK",,,0,49,NA,1,2,3,2016-01-27
751,1,2014-07-30,2014-07-31,2,"AP, SD",,,0,49,2,1,2,3,2016-01-27
752,6,2014-08-01,2014-08-02,1,"CC, EK, AP, SD",,,0,49,2,3,2,4,2016-01-27
754,6,2014-08-01,2014-08-02,2,"AP, SD",,,0,49,NA,3,2,4,2016-01-27
755,17,2014-08-08,2014-08-10,1,"CC, SD",,"Skipped one day due to weather. Peniocereus between D1, D2 (one fruit). Sunrise: 0605",0,49,NA,2,2,1,2016-01-27
756,17,2014-08-08,2014-08-10,2,"CC, SD",,"Skipped 1 night. Grid dry on NE, wet (green) on SW. 8/8/14, Pituophis 0706 E of vehicles.",0,49,NA,2,2,1,2016-01-27
757,10,2014-08-07,2014-08-09,1,"AP, EK",,"Night 2 skipped; night 3 = monsoon storm during baiting, 14 traps not baited due to lightning.",0,49,21,3,2,1,2016-01-27
758,10,2014-08-07,2014-08-09,2,"AP, EK",,night 2 skipped; monsoon storm on night 3.,0,49,NA,3,2,1,2016-01-27
759,11,2014-08-12,2014-08-14,1,"PH, EK",,Trapped 8/11-12 and 8/13-14.,0,49,2,2,3,1,2016-01-27
760,7,2014-08-12,2014-08-14,1,"AP, SD",,One Day Skipped.,0,49,10,2,3,1,2016-01-27
761,7,2014-08-14,2014-08-16,2,"AP, SD",,one day skipped.,0,49,NA,4,3,1,2016-01-27
762,14,2015-06-24,2015-06-27,1,"AP, CC, SD, MS",,2 ground squirrel captures,0,49,1,6,2,1,2016-01-27
763,14,2015-06-24,2015-06-27,2,"CC, AP, SD, MS",,1 ground squirrel,0,49,2,6,2,1,2016-01-28
764,19,2015-07-17,2015-07-20,1,"CC, MS",,2 nights skipped due to weather,0,49,1,NA,NA,NA,2016-01-28
765,19,2015-07-17,2015-07-20,2,"CC, MS",,2 nights skipped due to weather,0,49,1,NA,NA,NA,2016-01-28
766,4,2015-07-22,2015-07-23,1,"CC, AP",,,0,49,0,9,2,1,2016-01-29
767,4,2015-07-22,2015-07-23,2,"AP, CC",,,0,49,1,9,2,1,2016-01-29
768,1,2015-07-30,2015-07-31,1,"CC, AP",,,0,49,0,1,2,1,2016-01-29
769,1,2015-07-30,2015-07-31,2,"AP, CC",,,0,49,0,1,2,1,2016-01-29
770,10,2015-09-29,2015-09-30,1,AP,,2 sprung traps on 9-29,0,49,2,1,3,1,2016-01-29
771,10,2015-09-29,2015-09-30,2,AP,,sprung/not baited 9-29 = 2; 9-30 = 6,0,49,8,1,3,1,2016-01-29
772,6,2015-10-08,2015-10-09,1,"CC, AP",,"sprung: 10-8 = 2, 10-9 = 1",0,49,3,4,2,2,2016-01-29
773,6,2015-10-08,2015-10-09,2,"AP, CC",59Â° AT 06:40,,0,49,9,4,2,2,2016-03-23
774,13,2015-10-23,2015-10-24,1,"AP, CC",,,0,49,0,4,2,1,2016-03-23
775,13,2015-10-23,2015-10-24,2,"CC, AP",,,0,49,1,4,2,1,2016-03-23
776,16,2015-10-28,2015-10-29,1,"CC, TC, JV",,,0,49,0,1,3,1,2016-03-23
777,16,2015-10-28,2015-10-29,2,"CC, TC, JV",,,0,49,1,1,3,1,2016-03-23
779,4,2016-07-06,2016-07-07,1,"AP, CC",,,0,49,0,2,2,3,2016-09-29
780,4,2016-07-06,2016-07-07,2,"AP, CC",,,0,49,3,2,2,3,2016-09-29
781,13,2016-07-20,2016-07-21,1,AP,,,0,49,0,2,1,1,2016-10-03
782,13,2016-07-20,2016-07-21,2,"CC, KW",,,0,49,4,2,1,1,2016-10-03
783,6,2016-07-22,2016-07-23,1,CC,,,0,49,0,2,3,1,2016-10-03
784,6,2016-07-22,2016-07-23,2,"AP, KW",,Heloderma in trap F2 day 2,0,49,0,2,3,1,2016-10-05
785,10,2016-07-26,2016-07-27,1,"AP, KW, JV",,,0,49,2,NA,1,4,2016-10-05
786,10,2016-07-26,2016-07-27,2,AP KW JV,,,0,49,5,2,1,4,2016-10-06
787,19,2016-07-26,2016-07-27,1,"CC, TC, SB",,,0,49,2,2,1,4,2016-10-06
788,19,2016-07-26,2016-07-27,2,"CC, TC, SB",,,0,49,2,2,1,4,2016-10-11
789,7,2016-08-16,2016-08-17,1,"CC, KW",,"3 traps missing, 2 found. 2 traps destroyed-ripped open",0,49,2,2,2,1,2016-10-11
790,7,2016-08-16,2016-08-17,2,"CC, KW",,,0,49,1,2,2,1,2016-10-11
791,20,2016-08-24,2016-08-25,1,"CC, AP, SB",,,0,49,0,2,1,4,2016-10-11
792,20,2016-08-24,2016-08-25,2,"CC, AP, SB",,,0,49,1,2,1,4,2016-10-12
793,14,2016-08-31,2016-09-03,1,"CC, AP, SB",,traps baited 1 hour earlier (1730) on last night,0,49,3,4,1,2,2016-10-12
794,14,2016-08-31,2016-09-03,2,"CC, AP, SB",,traps baited 1 hour earlier on last night (1730). C. scutulatus 9/2/16 0850. DOR MP58.2,0,49,6,4,1,2,2016-10-12
795,15,2017-06-07,2017-06-08,1,PH,,,0,49,0,2,2,1,2018-01-02
796,15,2017-06-07,2017-06-08,2,PH,,,0,49,0,2,2,1,2018-01-02
797,4,2017-07-06,2017-07-07,1,"CC, AP, DD",,,0,49,1,3,2,1,2018-01-02
798,4,2017-07-06,2017-07-07,2,"AP, CC, DD",,,0,49,0,3,2,1,2018-01-02
799,6,2017-07-12,2017-07-13,1,"CC, DD, AP",,,0,49,0,3,3,1,2018-01-04
800,6,2017-07-12,2017-07-13,2,"AP, CC, DD",,,0,49,1,3,3,1,2018-01-04
801,14,2017-07-15,2017-07-17,1,"CC, DD, AP",,Skipped 7/16/2017,0,49,1,1,2,5,2018-01-04
802,14,2017-07-15,2017-07-16,2,"CC, DD, AP",,,0,49,2,1,2,5,2018-01-04
803,1,2017-07-26,2017-07-27,1,"AP, CC, DD",,,0,49,0,3,3,2,2018-01-04
804,1,2017-07-26,2017-07-27,2,"AP, CC, DD",,,0,49,0,3,3,2,2018-01-05
805,10,2017-08-16,2017-08-17,1,"PH, Thomas",,,0,49,1,2,3,5,2018-01-05
806,10,2017-08-16,2017-08-17,2,"PH, Thomas",,,0,49,1,2,3,5,2018-01-19
807,63,2017-08-25,2017-08-26,1,"CC, DD",,,0,49,0,4,3,2,2018-02-12
808,63,2017-08-25,2017-08-26,2,"CC, DD",,,0,49,0,4,3,2,2018-02-12
809,20,2015-07-07,2015-07-08,1,AP,,,0,49,0,1,2,5,2018-07-29
810,20,2015-07-07,2015-07-08,2,"CC, MS",,,0,49,0,1,2,5,2018-07-29
812,2,2018-06-29,2018-06-30,1,,,,0,49,5,NA,NA,NA,2018-08-27
813,2,2018-06-29,2018-06-30,2,,,,0,49,3,NA,NA,NA,2018-08-27
814,20,2018-07-13,2018-07-14,1,,,,0,49,1,NA,NA,NA,2018-08-27
815,20,2018-07-13,2018-07-14,2,,,,0,49,1,NA,NA,NA,2018-08-27
816,14,2018-07-17,2018-07-18,1,,,,0,49,3,NA,NA,NA,2018-08-27
817,14,2018-07-17,2018-07-18,2,,,,0,49,2,NA,NA,NA,2018-08-27
818,13,2018-07-19,2018-07-20,1,,,,0,49,0,NA,NA,NA,2018-08-27
819,13,2018-07-19,2018-07-20,2,,,,0,49,1,NA,NA,NA,2018-08-27
820,19,2018-07-28,2018-07-29,1,,,,0,49,1,NA,NA,NA,2018-08-27
821,19,2018-07-28,2018-07-29,2,,,,0,49,0,NA,NA,NA,2018-08-28
822,7,2018-07-31,2018-08-01,1,,,C. scutulatus adult in hole near parking area,0,49,1,NA,NA,NA,2018-08-28
823,7,2018-07-31,2018-08-01,2,,,,0,49,3,NA,NA,NA,2018-08-28
824,11,2018-08-08,2018-08-09,1,,,,0,49,4,NA,NA,NA,2018-08-28
825,6,2018-08-15,2018-08-16,1,,,,0,49,1,NA,NA,NA,2018-08-28
826,6,2018-08-15,2018-08-16,2,,,,0,49,1,NA,NA,NA,2018-08-28
827,4,2018-08-28,2018-08-29,1,,,,0,49,0,NA,NA,NA,2018-08-29
828,4,2018-08-28,2018-08-29,2,,,,0,49,0,NA,NA,NA,2018-08-29
829,10,2018-08-23,2018-08-24,1,,,,0,49,8,NA,NA,NA,2018-08-30
830,10,2018-08-23,2018-08-24,2,,,,0,49,0,NA,NA,NA,2018-08-30
831,16,2018-09-06,2018-09-07,1,,,,0,49,2,NA,NA,NA,2018-09-10
832,16,2018-09-06,2018-09-07,2,,,,0,49,0,NA,NA,NA,2018-09-10
833,8,2018-09-18,2018-09-19,1,,,,0,49,0,NA,NA,NA,2018-09-24
836,40,2011-09-21,2011-09-22,2,,,,0,49,0,NA,NA,NA,2018-10-22
837,14,2019-06-20,2019-06-22,1,"AP, CC, DM",,Skipped 21 June; Sprung Traps 6/20: G1,0,49,1,2,3,1,2019-08-27
838,14,2019-06-20,2019-06-22,2,"AP, CC",,"Skipped 6/21, 6/20: S. magister(G6),",0,49,0,2,3,1,2019-08-27
839,6,2019-07-03,2019-07-04,1,"CC, AP",,,0,49,0,2,3,2,2019-08-28
840,6,2019-07-03,2019-07-04,2,"AP, CC",,"atrox, 7-2, 1900 between b6,b7 22ACP",0,49,0,2,3,2,2019-08-28
841,4,2019-07-16,2019-07-17,1,"CC, AP, FN",,Traps sprung: 7/17 E2,0,49,1,2,2,1,2019-08-28
842,4,2019-07-16,2019-07-17,2,"AP, FN",,"Traps sprung: 7-16 (F4); C2 Neotoma tail only. atrox DOR SPB Dr. mile 1.0, 0750 7-17-2019",0,49,1,2,2,1,2019-08-28
844,1,2019-07-28,2019-07-29,1,"CC, AP",,"Traps sprung: 7-28 C7, 7-29 D6. 7-28 flagellum LOR pink 0815 3.2mi E of QBQuito",0,49,2,2,2,2,2019-08-28
845,1,2019-07-28,2019-07-29,2,"AP, CC",,Traps sprung: 7-28 C4.,0,49,1,2,2,2,2019-08-28
847,18,2019-08-09,2019-08-10,1,AP,,,0,49,0,2,3,3,2019-08-28
848,18,2019-08-09,2019-08-10,2,AP,,"Traps sprung: 8-9 (B4), 8-10 (B5)",0,49,0,2,3,3,2019-08-29
849,15,2019-08-12,2019-08-14,1,PH,,"Nt2 sprung A6; cameras A7 36637, A1 36646, B1 47886, D1 48172, F1 47172, F1 47872, G3 36644",0,49,1,2,2,1,2019-09-04
850,15,2019-08-12,2019-08-14,2,PH,,"cameras at E5 47888, F7 36636, G7 47841, G6 48142, G5 47889, G4 36634",0,49,1,2,2,1,2019-09-04
851,10,2019-08-20,2019-08-21,1,"AP, FN",,"Traps sprung: 8/20 G1,A2,B1, and No trap at F2. 8/21 E3,G1,G4,G7,F5, A2,C2,D3,D4",0,49,12,2,2,5,2019-09-04
852,10,2019-08-20,2019-08-21,2,"AP, FN",,"Traps sprung: 8/20- B7,F7. 8/21-B5,C7,C6,C4,D4,F2,F7. 8/21- A7 neck caught, died; F6 escaped",0,49,9,2,2,5,2019-09-04
853,17,2019-08-23,2019-08-24,1,"CC, AP",,,0,49,0,2,3,5,2019-09-06
854,17,2019-08-23,2019-08-24,2,"CC, AP",,,0,49,0,2,3,5,2019-09-06
855,4,2020-06-30,2020-07-01,1,"Ngo, Pate",,,0,49,2,NA,NA,NA,2020-11-24
856,4,2020-06-30,2020-07-01,2,"Ngo, Pate",,,0,49,1,2,NA,NA,2020-11-24
857,16,2020-07-02,2020-07-03,1,"Holm, Ryan",,Desert Cottontail captured in E2 on night 1,0,49,1,2,NA,NA,2020-11-24
858,16,2020-07-02,2020-07-03,2,"Holm, Ryan",,Trap B7 not set 2nd night,0,49,1,2,NA,NA,2020-11-24
859,20,2020-07-15,2020-07-16,1,Pate,,,0,49,0,2,NA,NA,2020-11-24
860,20,2020-07-15,2020-07-16,2,"Holm, Ngo",,,0,49,2,2,NA,NA,2020-11-24
861,6,2020-07-29,2020-07-30,1,"Holm, Ngo",,Traps set 7/28/2020,0,49,1,2,NA,NA,2020-11-24
863,6,2020-07-29,2020-07-30,2,Pate,,,0,49,1,2,NA,NA,2020-12-14
864,13,2020-08-12,2020-08-13,1,"Pate, Ngo",,RTGS in trap A2 on capture night 1,0,49,0,2,NA,NA,2020-12-21
865,13,2020-08-12,2020-08-13,2,"Pate, Ngo",,,0,49,0,2,NA,NA,2020-12-21
866,1,2020-08-20,2020-08-21,1,"Holm, Ngo",,,0,49,0,2,NA,2,2020-12-21
867,1,2020-08-20,2020-08-21,2,Pate,,,0,49,1,2,NA,NA,2020-12-21
868,14,2020-05-12,2020-05-14,1,"Pate, Biardi, Holm, Martin, Ngo",,"D5, D6, D7 possibly not baited",0,49,3,3,NA,NA,2021-02-03
869,14,2020-05-12,2020-05-14,2,"Ngo, Martin, Holm, Biardi, Pate",,"Found dead DIME, Feale, adult, 25gm, found dead near D2",0,49,0,3,NA,NA,2021-02-03
870,1,2021-08-05,2021-08-06,1,A. Pate,,,0,49,2,2,NA,NA,2021-09-10
871,4,2021-07-08,2021-07-09,1,"Pate, Holm, Fuest, Peacock, Rangel",,,0,49,0,2,NA,NA,2021-11-30
872,4,2021-07-08,2021-07-09,2,"Pate, Fuest, Holm, Peacock, Rangel",,,0,49,2,2,NA,NA,2021-12-22
873,13,2021-07-13,2021-07-15,1,"Fuest, Holm","7/13/2021: Ta 30.2, rH 46.8, cloud cover - 90% @ 7:10",,0,49,0,2,NA,NA,2021-12-22
874,13,2021-07-13,2021-07-15,2,Pate,,,0,49,3,2,NA,NA,2021-12-22
875,16,2021-07-20,2021-07-21,2,"Fuest, Holm",,,0,49,0,2,NA,NA,2021-12-22
876,16,2021-07-20,2021-07-21,1,"Fuest, Holm",,,0,49,2,2,NA,NA,2021-12-22
877,14,2021-07-22,2021-07-23,2,"Fuest, Holm",,,0,49,1,2,NA,NA,2021-12-23
879,14,2021-07-22,2021-07-23,1,"Pate, Peacock",,,0,49,0,2,NA,NA,2021-12-27
880,6,2021-07-29,2021-07-30,1,"Pate, Peacock",,,0,49,0,2,NA,NA,2021-12-28
881,6,2021-07-29,2021-07-30,2,"Pate, Peacock",,,0,49,1,2,NA,NA,2021-12-28
882,1,2021-08-05,2021-08-06,2,"Holm, Peacock",,,0,49,0,2,NA,NA,2021-12-28
883,10,2021-09-09,2021-09-10,2,"Fuest, Peacock",,,0,49,7,2,NA,NA,2021-12-28
884,10,2021-09-09,2021-09-10,1,Pate,,,0,49,1,2,NA,NA,2021-12-28
885,4,2022-07-27,2022-07-28,1,"P. Holm, A. Pate, A. Fuest",,,0,49,0,2,NA,NA,2023-01-05
886,4,2022-07-27,2022-07-28,2,A. Pate,,,0,49,1,2,NA,NA,2023-01-05
887,14,2022-07-19,2022-07-20,1,A. Pate,,,0,49,2,2,NA,NA,2023-01-05
888,14,2022-07-19,2022-07-20,2,"P. Holm, A. Fuest",,,0,49,3,2,NA,NA,2023-01-05
889,13,2022-07-13,2022-07-14,1,"A. Fuest, P.Holm",,Only 1 capture,0,49,0,2,NA,NA,2023-01-05
890,13,2022-07-13,2022-07-14,2,"A. Fuest, P.Holm",,,0,49,0,2,NA,1,2023-01-05
891,6,2022-07-29,2022-07-30,1,"A. Pate, A. Fuest",,,0,49,1,2,NA,NA,2023-01-06
892,6,2022-07-29,2022-07-30,2,"A. Pate, A, Fuest",,,0,49,0,2,NA,NA,2023-01-06
893,10,2022-08-04,2022-08-05,2,A. Pate,,,0,49,8,2,NA,NA,2023-01-06
894,10,2022-08-04,2022-08-05,1,P. Holm,,,0,49,2,2,NA,NA,2023-01-06
895,15,2023-09-14,2023-09-15,1,"Pate,Warner,Gillette,Benson",,,0,49,3,2,NA,NA,2023-11-06
896,14,2023-09-14,2023-09-15,2,"Holm,Pate,Warner,Gillette,Benson",,,0,49,2,2,NA,NA,2023-11-06
